Fecha,Precio
2008-12-30,880.25
2009-01-02,869.75
2009-01-05,874.5
2009-01-06,853.5
2009-01-07,848.25
2009-01-08,848.5
2009-01-09,855.75
2009-01-12,847.25
2009-01-13,827.0
2009-01-14,826.5
2009-01-15,821.5
2009-01-16,810.0
2009-01-19,833.75
2009-01-20,833.0
2009-01-21,853.25
2009-01-22,849.25
2009-01-23,860.0
2009-01-26,875.75
2009-01-27,910.25
2009-01-28,897.5
2009-01-29,895.25
2009-01-30,892.25
2009-02-02,919.5
2009-02-03,918.25
2009-02-04,904.5
2009-02-05,905.0
2009-02-06,920.0
2009-02-09,913.0
2009-02-10,895.0
2009-02-11,909.75
2009-02-12,938.0
2009-02-13,943.25
2009-02-16,935.5
2009-02-17,942.5
2009-02-18,968.0
2009-02-19,968.0
2009-02-20,980.5
2009-02-23,989.0
2009-02-24,985.75
2009-02-25,984.25
2009-02-26,978.5
2009-02-27,936.5
2009-03-02,952.0
2009-03-03,937.25
2009-03-04,913.75
2009-03-05,908.5
2009-03-06,913.0
2009-03-09,936.0
2009-03-10,923.75
2009-03-11,901.5
2009-03-12,899.5
2009-03-13,925.25
2009-03-16,928.0
2009-03-17,919.5
2009-03-18,915.5
2009-03-19,893.25
2009-03-20,956.5
2009-03-23,956.5
2009-03-24,949.25
2009-03-25,923.75
2009-03-26,929.0
2009-03-27,938.25
2009-03-30,924.0
2009-03-31,928.0
2009-04-01,916.5
2009-04-02,924.5
2009-04-03,897.75
2009-04-06,905.0
2009-04-07,870.25
2009-04-08,879.75
2009-04-09,880.0
2009-04-13,880.5
2009-04-14,880.5
2009-04-15,887.5
2009-04-16,891.0
2009-04-17,880.5
2009-04-20,870.5
2009-04-21,877.0
2009-04-22,888.75
2009-04-23,886.0
2009-04-24,897.5
2009-04-27,907.5
2009-04-28,907.5
2009-04-29,891.0
2009-04-30,898.25
2009-05-04,883.25
2009-05-05,884.5
2009-05-06,910.0
2009-05-07,910.0
2009-05-08,912.25
2009-05-11,907.0
2009-05-12,913.0
2009-05-13,917.0
2009-05-14,924.0
2009-05-15,925.25
2009-05-18,929.5
2009-05-19,921.0
2009-05-20,924.75
2009-05-22,939.5
2009-05-25,959.75
2009-05-26,959.75
2009-05-27,945.0
2009-05-28,951.0
2009-05-29,957.75
2009-06-01,975.5
2009-06-02,981.75
2009-06-03,980.0
2009-06-04,976.75
2009-06-05,970.75
2009-06-08,962.0
2009-06-09,943.75
2009-06-10,956.0
2009-06-11,953.75
2009-06-12,947.5
2009-06-15,937.25
2009-06-16,932.25
2009-06-17,934.0
2009-06-18,930.5
2009-06-19,940.5
2009-06-22,935.25
2009-06-23,919.25
2009-06-24,920.75
2009-06-25,933.5
2009-06-26,937.25
2009-06-30,942.0
2009-07-01,934.5
2009-07-02,938.25
2009-07-03,929.5
2009-07-06,932.5
2009-07-07,924.5
2009-07-08,924.0
2009-07-09,918.0
2009-07-10,911.75
2009-07-13,913.0
2009-07-14,908.5
2009-07-15,924.75
2009-07-17,938.0
2009-07-20,937.5
2009-07-21,952.75
2009-07-22,947.75
2009-07-23,948.25
2009-07-24,950.0
2009-07-27,951.5
2009-07-28,955.0
2009-07-29,944.25
2009-07-30,931.0
2009-07-31,932.5
2009-08-03,939.0
2009-08-04,959.75
2009-08-05,960.5
2009-08-06,960.5
2009-08-07,964.0
2009-08-10,956.0
2009-08-11,945.0
2009-08-12,942.75
2009-08-13,947.25
2009-08-14,953.5
2009-08-17,953.5
2009-08-18,932.75
2009-08-19,935.0
2009-08-20,943.0
2009-08-21,940.5
2009-08-24,952.5
2009-08-25,951.5
2009-08-26,950.5
2009-08-27,940.5
2009-08-28,943.0
2009-08-31,955.5
2009-09-01,955.5
2009-09-02,955.0
2009-09-03,964.75
2009-09-04,983.0
2009-09-07,989.0
2009-09-08,993.0
2009-09-09,1000.75
2009-09-10,999.5
2009-09-11,990.75
2009-09-14,1008.25
2009-09-15,999.25
2009-09-16,996.0
2009-09-17,1015.75
2009-09-21,1018.5
2009-09-22,997.0
2009-09-23,1014.0
2009-09-24,1010.25
2009-09-25,1009.75
2009-09-28,991.5
2009-09-29,991.75
2009-09-30,989.5
2009-10-01,995.75
2009-10-02,1004.75
2009-10-05,1003.5
2009-10-06,1005.5
2009-10-07,1038.75
2009-10-08,1040.25
2009-10-09,1045.0
2009-10-13,1051.5
2009-10-14,1057.5
2009-10-15,1059.5
2009-10-16,1053.5
2009-10-19,1047.5
2009-10-20,1050.5
2009-10-21,1061.75
2009-10-22,1053.75
2009-10-23,1053.0
2009-10-26,1061.75
2009-10-27,1054.0
2009-10-28,1036.5
2009-10-29,1031.75
2009-10-30,1040.5
2009-11-02,1040.0
2009-11-03,1062.0
2009-11-04,1061.0
2009-11-05,1090.0
2009-11-06,1089.0
2009-11-09,1096.75
2009-11-10,1106.75
2009-11-11,1101.5
2009-11-12,1115.25
2009-11-13,1114.75
2009-11-16,1104.0
2009-11-17,1130.0
2009-11-18,1134.75
2009-11-19,1149.0
2009-11-20,1135.5
2009-11-23,1140.0
2009-11-24,1169.5
2009-11-25,1163.25
2009-11-26,1179.75
2009-11-27,1182.75
2009-11-30,1166.5
2009-12-01,1175.75
2009-12-02,1192.5
2009-12-03,1212.5
2009-12-04,1208.75
2009-12-07,1190.25
2009-12-09,1142.5
2009-12-10,1141.0
2009-12-11,1128.5
2009-12-14,1124.0
2009-12-15,1123.75
2009-12-16,1122.0
2009-12-17,1137.5
2009-12-18,1117.0
2009-12-21,1104.5
2009-12-22,1105.5
2009-12-23,1084.0
2009-12-24,1085.25
2009-12-28,1085.25
2009-12-29,1085.25
2009-12-30,1106.0
2010-01-04,1087.5
2010-01-05,1121.5
2010-01-06,1123.25
2010-01-07,1130.0
2010-01-08,1130.25
2010-01-11,1126.75
2010-01-12,1153.0
2010-01-13,1151.25
2010-01-14,1127.25
2010-01-15,1138.25
2010-01-18,1128.0
2010-01-19,1134.5
2010-01-20,1133.0
2010-01-21,1120.25
2010-01-22,1108.25
2010-01-25,1084.0
2010-01-26,1095.25
2010-01-27,1093.25
2010-01-28,1094.75
2010-01-29,1088.0
2010-02-01,1078.5
2010-02-02,1086.5
2010-02-03,1111.0
2010-02-04,1115.25
2010-02-05,1083.25
2010-02-08,1058.0
2010-02-09,1064.0
2010-02-10,1071.25
2010-02-11,1069.5
2010-02-12,1076.25
2010-02-15,1082.0
2010-02-16,1098.25
2010-02-17,1115.25
2010-02-18,1119.0
2010-02-19,1118.0
2010-02-22,1112.75
2010-02-23,1115.25
2010-02-24,1107.0
2010-02-25,1103.0
2010-02-26,1094.5
2010-03-01,1108.25
2010-03-02,1114.0
2010-03-03,1126.5
2010-03-04,1136.5
2010-03-05,1134.5
2010-03-08,1135.0
2010-03-09,1125.75
2010-03-10,1115.75
2010-03-11,1120.5
2010-03-12,1104.0
2010-03-15,1106.25
2010-03-16,1104.25
2010-03-17,1124.75
2010-03-18,1121.75
2010-03-19,1122.75
2010-03-22,1105.5
2010-03-23,1097.25
2010-03-24,1101.5
2010-03-25,1090.75
2010-03-26,1093.0
2010-03-29,1096.5
2010-03-30,1107.5
2010-03-31,1107.0
2010-04-01,1115.5
2010-04-05,1123.5
2010-04-06,1123.5
2010-04-07,1132.75
2010-04-08,1142.0
2010-04-09,1148.0
2010-04-12,1152.5
2010-04-13,1158.75
2010-04-14,1148.25
2010-04-15,1153.75
2010-04-16,1154.5
2010-04-19,1151.5
2010-04-20,1136.25
2010-04-21,1144.75
2010-04-22,1143.0
2010-04-23,1133.75
2010-04-26,1139.5
2010-04-27,1154.5
2010-04-28,1149.5
2010-04-29,1161.0
2010-04-30,1166.75
2010-05-03,1179.25
2010-05-04,1179.25
2010-05-05,1185.0
2010-05-06,1165.0
2010-05-07,1185.25
2010-05-10,1202.25
2010-05-11,1196.5
2010-05-12,1222.5
2010-05-13,1237.5
2010-05-14,1237.5
2010-05-17,1236.5
2010-05-18,1236.0
2010-05-19,1216.75
2010-05-20,1195.0
2010-05-24,1192.0
2010-05-25,1187.0
2010-05-26,1198.25
2010-05-27,1212.0
2010-05-28,1211.0
2010-05-31,1207.5
2010-06-01,1207.5
2010-06-02,1227.75
2010-06-03,1215.0
2010-06-04,1215.0
2010-06-07,1203.5
2010-06-08,1215.0
2010-06-09,1246.0
2010-06-10,1233.5
2010-06-11,1217.5
2010-06-14,1220.0
2010-06-15,1223.75
2010-06-16,1225.0
2010-06-17,1234.5
2010-06-18,1245.0
2010-06-21,1256.0
2010-06-22,1254.5
2010-06-23,1236.0
2010-06-24,1226.5
2010-06-25,1236.25
2010-06-29,1254.0
2010-06-30,1234.5
2010-07-01,1244.0
2010-07-02,1234.0
2010-07-05,1201.5
2010-07-06,1208.0
2010-07-07,1195.0
2010-07-08,1193.25
2010-07-09,1193.5
2010-07-12,1208.75
2010-07-13,1205.5
2010-07-14,1216.0
2010-07-15,1207.0
2010-07-19,1208.0
2010-07-20,1181.0
2010-07-21,1183.0
2010-07-22,1191.5
2010-07-23,1199.5
2010-07-26,1190.5
2010-07-27,1183.5
2010-07-28,1168.0
2010-07-29,1157.0
2010-07-30,1162.5
2010-08-02,1169.0
2010-08-03,1188.5
2010-08-04,1187.5
2010-08-05,1199.5
2010-08-06,1192.5
2010-08-09,1207.75
2010-08-10,1203.0
2010-08-11,1192.5
2010-08-12,1205.5
2010-08-13,1213.0
2010-08-16,1214.25
2010-08-17,1223.5
2010-08-18,1226.0
2010-08-19,1218.0
2010-08-20,1233.5
2010-08-23,1223.5
2010-08-24,1226.0
2010-08-25,1222.0
2010-08-26,1237.5
2010-08-27,1237.0
2010-08-30,1235.0
2010-08-31,1235.0
2010-09-01,1246.0
2010-09-02,1246.5
2010-09-03,1248.5
2010-09-06,1240.5
2010-09-07,1249.0
2010-09-08,1256.75
2010-09-09,1255.0
2010-09-10,1255.0
2010-09-13,1246.5
2010-09-14,1243.75
2010-09-15,1265.5
2010-09-16,1267.0
2010-09-21,1272.5
2010-09-22,1275.0
2010-09-23,1293.5
2010-09-24,1290.75
2010-09-27,1297.0
2010-09-28,1297.0
2010-09-29,1294.0
2010-09-30,1307.5
2010-10-01,1307.0
2010-10-04,1316.25
2010-10-05,1313.5
2010-10-06,1350.5
2010-10-07,1346.5
2010-10-08,1347.5
2010-10-12,1341.5
2010-10-13,1348.5
2010-10-14,1365.5
2010-10-15,1373.25
2010-10-18,1367.5
2010-10-19,1367.25
2010-10-20,1339.0
2010-10-21,1339.0
2010-10-22,1343.5
2010-10-25,1344.5
2010-10-26,1337.5
2010-10-27,1338.5
2010-10-28,1324.5
2010-10-29,1333.5
2010-11-02,1307.0
2010-11-03,1316.25
2010-11-04,1345.5
2010-11-05,1381.0
2010-11-08,1395.5
2010-11-09,1388.5
2010-11-10,1421.0
2010-11-11,1390.5
2010-11-12,1398.5
2010-11-15,1388.5
2010-11-16,1368.5
2010-11-17,1349.0
2010-11-18,1337.5
2010-11-19,1350.25
2010-11-22,1342.5
2010-11-23,1356.5
2010-11-24,1377.5
2010-11-25,1372.5
2010-11-26,1373.25
2010-11-29,1355.0
2010-11-30,1357.0
2010-12-01,1383.5
2010-12-02,1385.5
2010-12-03,1389.0
2010-12-06,1403.5
2010-12-07,1415.25
2010-12-09,1420.0
2010-12-10,1391.25
2010-12-13,1375.25
2010-12-14,1399.0
2010-12-15,1394.5
2010-12-16,1388.75
2010-12-17,1363.0
2010-12-20,1368.5
2010-12-21,1380.0
2010-12-22,1383.0
2010-12-23,1387.0
2010-12-24,1373.5
2010-12-27,1373.5
2010-12-28,1373.5
2010-12-29,1373.5
2010-12-30,1412.5
2011-01-03,1405.5
2011-01-04,1405.5
2011-01-05,1388.5
2011-01-06,1368.0
2011-01-07,1368.5
2011-01-10,1367.0
2011-01-11,1368.25
2011-01-12,1374.0
2011-01-13,1378.75
2011-01-14,1381.5
2011-01-17,1367.0
2011-01-18,1360.5
2011-01-19,1369.5
2011-01-20,1372.0
2011-01-21,1345.5
2011-01-24,1343.5
2011-01-25,1343.0
2011-01-26,1324.0
2011-01-27,1328.0
2011-01-28,1334.5
2011-01-31,1334.5
2011-02-01,1327.0
2011-02-02,1331.5
2011-02-03,1337.0
2011-02-04,1328.0
2011-02-07,1355.0
2011-02-08,1347.5
2011-02-09,1363.5
2011-02-10,1365.0
2011-02-11,1353.25
2011-02-14,1364.0
2011-02-15,1365.0
2011-02-16,1372.75
2011-02-17,1371.25
2011-02-18,1379.0
2011-02-21,1383.5
2011-02-22,1403.0
2011-02-23,1401.0
2011-02-24,1409.25
2011-02-25,1411.5
2011-02-28,1402.5
2011-03-01,1411.0
2011-03-02,1420.75
2011-03-03,1435.5
2011-03-04,1421.5
2011-03-07,1427.0
2011-03-08,1437.5
2011-03-09,1426.25
2011-03-10,1431.0
2011-03-11,1413.25
2011-03-14,1411.5
2011-03-15,1422.25
2011-03-16,1400.5
2011-03-17,1402.0
2011-03-18,1403.75
2011-03-21,1420.0
2011-03-22,1432.0
2011-03-23,1426.0
2011-03-24,1439.5
2011-03-25,1447.0
2011-03-28,1436.0
2011-03-29,1417.0
2011-03-30,1417.5
2011-03-31,1425.5
2011-04-01,1439.0
2011-04-04,1440.0
2011-04-05,1435.5
2011-04-06,1433.5
2011-04-07,1461.5
2011-04-08,1459.5
2011-04-11,1469.5
2011-04-12,1468.0
2011-04-13,1450.5
2011-04-14,1457.5
2011-04-15,1465.75
2011-04-18,1476.75
2011-04-19,1493.0
2011-04-20,1490.5
2011-04-21,1501.0
2011-04-25,1504.0
2011-04-26,1504.0
2011-04-27,1497.5
2011-04-28,1511.0
2011-04-29,1535.5
2011-05-02,1535.5
2011-05-03,1535.5
2011-05-04,1540.25
2011-05-05,1541.0
2011-05-06,1511.0
2011-05-09,1486.5
2011-05-10,1502.0
2011-05-11,1513.5
2011-05-12,1508.0
2011-05-13,1489.5
2011-05-16,1505.75
2011-05-17,1500.75
2011-05-18,1478.5
2011-05-19,1496.5
2011-05-20,1493.0
2011-05-23,1490.75
2011-05-24,1510.5
2011-05-25,1527.0
2011-05-26,1526.25
2011-05-27,1518.5
2011-05-30,1533.0
2011-05-31,1533.0
2011-06-01,1536.5
2011-06-02,1533.75
2011-06-03,1539.5
2011-06-06,1540.0
2011-06-07,1549.0
2011-06-08,1545.0
2011-06-09,1537.75
2011-06-10,1537.75
2011-06-13,1529.25
2011-06-14,1526.25
2011-06-15,1516.0
2011-06-16,1529.75
2011-06-17,1523.25
2011-06-20,1537.5
2011-06-21,1544.0
2011-06-22,1544.75
2011-06-23,1552.5
2011-06-24,1523.0
2011-06-28,1514.75
2011-06-29,1499.0
2011-06-30,1504.25
2011-07-01,1505.5
2011-07-04,1483.0
2011-07-05,1495.0
2011-07-06,1510.0
2011-07-07,1527.25
2011-07-08,1527.5
2011-07-11,1541.5
2011-07-12,1555.5
2011-07-13,1550.5
2011-07-14,1579.0
2011-07-15,1590.5
2011-07-18,1587.0
2011-07-19,1599.0
2011-07-20,1601.0
2011-07-21,1586.0
2011-07-22,1601.0
2011-07-25,1602.0
2011-07-26,1613.5
2011-07-27,1612.75
2011-07-28,1625.0
2011-07-29,1613.5
2011-08-01,1628.5
2011-08-02,1623.0
2011-08-03,1637.75
2011-08-04,1669.25
2011-08-05,1679.5
2011-08-08,1658.75
2011-08-09,1693.0
2011-08-10,1736.0
2011-08-11,1772.0
2011-08-12,1760.0
2011-08-16,1736.0
2011-08-17,1782.5
2011-08-18,1790.0
2011-08-19,1824.0
2011-08-22,1848.0
2011-08-23,1877.5
2011-08-24,1876.0
2011-08-25,1770.0
2011-08-26,1729.0
2011-08-29,1788.0
2011-08-30,1788.0
2011-08-31,1825.0
2011-09-01,1813.5
2011-09-02,1821.0
2011-09-05,1875.25
2011-09-06,1895.0
2011-09-07,1895.0
2011-09-08,1810.0
2011-09-09,1855.0
2011-09-12,1851.0
2011-09-13,1834.0
2011-09-14,1820.0
2011-09-15,1818.5
2011-09-16,1782.0
2011-09-20,1794.0
2011-09-21,1799.0
2011-09-22,1793.0
2011-09-23,1722.0
2011-09-26,1689.0
2011-09-27,1598.0
2011-09-28,1659.0
2011-09-29,1643.0
2011-09-30,1613.0
2011-10-03,1620.0
2011-10-04,1655.5
2011-10-05,1638.0
2011-10-06,1617.0
2011-10-07,1635.0
2011-10-11,1652.0
2011-10-12,1663.0
2011-10-13,1682.0
2011-10-14,1656.0
2011-10-17,1678.0
2011-10-18,1682.0
2011-10-19,1631.0
2011-10-20,1652.5
2011-10-21,1620.0
2011-10-24,1642.5
2011-10-25,1652.0
2011-10-26,1656.0
2011-10-27,1715.0
2011-10-28,1718.0
2011-11-02,1741.0
2011-11-03,1743.0
2011-11-04,1758.0
2011-11-07,1749.0
2011-11-08,1782.0
2011-11-09,1795.0
2011-11-10,1784.0
2011-11-11,1756.0
2011-11-14,1773.0
2011-11-15,1776.0
2011-11-16,1785.0
2011-11-17,1756.0
2011-11-18,1742.5
2011-11-21,1719.0
2011-11-22,1702.0
2011-11-23,1699.0
2011-11-24,1681.0
2011-11-25,1692.5
2011-11-28,1688.5
2011-11-29,1714.0
2011-11-30,1717.0
2011-12-01,1746.0
2011-12-02,1752.0
2011-12-05,1747.0
2011-12-06,1744.0
2011-12-07,1708.0
2011-12-09,1735.5
2011-12-12,1709.0
2011-12-13,1659.5
2011-12-14,1672.5
2011-12-15,1603.0
2011-12-16,1574.0
2011-12-19,1594.0
2011-12-20,1598.0
2011-12-21,1613.5
2011-12-22,1613.5
2011-12-23,1606.5
2011-12-26,1606.5
2011-12-27,1606.5
2011-12-28,1606.5
2011-12-29,1571.0
2011-12-30,1531.0
2012-01-02,1531.0
2012-01-03,1531.0
2012-01-04,1598.0
2012-01-05,1613.0
2012-01-06,1599.0
2012-01-09,1616.5
2012-01-10,1615.0
2012-01-11,1637.0
2012-01-12,1634.5
2012-01-13,1661.0
2012-01-16,1635.5
2012-01-17,1641.0
2012-01-18,1656.0
2012-01-19,1647.0
2012-01-20,1655.0
2012-01-23,1653.0
2012-01-24,1675.5
2012-01-25,1665.5
2012-01-26,1650.0
2012-01-27,1727.0
2012-01-30,1726.0
2012-01-31,1729.0
2012-02-01,1744.0
2012-02-02,1740.0
2012-02-03,1751.0
2012-02-06,1734.0
2012-02-07,1719.0
2012-02-08,1724.0
2012-02-09,1746.0
2012-02-10,1748.0
2012-02-13,1711.5
2012-02-14,1720.0
2012-02-15,1722.0
2012-02-16,1733.0
2012-02-17,1713.0
2012-02-20,1723.0
2012-02-21,1733.0
2012-02-22,1748.0
2012-02-23,1752.0
2012-02-24,1777.0
2012-02-27,1777.5
2012-02-28,1772.0
2012-02-29,1781.0
2012-03-01,1770.0
2012-03-02,1714.0
2012-03-05,1707.0
2012-03-06,1705.0
2012-03-07,1669.0
2012-03-08,1677.5
2012-03-09,1690.0
2012-03-12,1687.5
2012-03-13,1697.5
2012-03-14,1690.0
2012-03-15,1644.25
2012-03-16,1648.0
2012-03-19,1658.0
2012-03-20,1661.5
2012-03-21,1656.75
2012-03-22,1649.25
2012-03-23,1635.5
2012-03-26,1664.0
2012-03-27,1680.25
2012-03-28,1692.0
2012-03-29,1676.0
2012-03-30,1657.5
2012-04-02,1662.5
2012-04-03,1677.5
2012-04-04,1676.25
2012-04-05,1621.0
2012-04-09,1631.0
2012-04-10,1631.0
2012-04-11,1644.0
2012-04-12,1658.0
2012-04-13,1668.5
2012-04-16,1666.5
2012-04-17,1653.0
2012-04-18,1635.5
2012-04-19,1644.0
2012-04-20,1650.0
2012-04-23,1641.5
2012-04-24,1629.0
2012-04-25,1649.5
2012-04-26,1637.75
2012-04-27,1653.5
2012-04-30,1663.5
2012-05-02,1651.25
2012-05-03,1648.0
2012-05-04,1637.75
2012-05-07,1643.75
2012-05-08,1643.75
2012-05-09,1602.5
2012-05-10,1582.5
2012-05-11,1598.5
2012-05-14,1583.0
2012-05-15,1558.5
2012-05-16,1556.5
2012-05-17,1548.5
2012-05-18,1554.0
2012-05-22,1589.5
2012-05-23,1582.5
2012-05-24,1549.0
2012-05-25,1568.5
2012-05-28,1569.5
2012-05-29,1574.6
2012-05-30,1579.5
2012-05-31,1540.0
2012-06-01,1558.0
2012-06-04,1606.0
2012-06-05,1606.0
2012-06-06,1606.0
2012-06-07,1635.0
2012-06-08,1606.0
2012-06-11,1576.5
2012-06-12,1584.0
2012-06-13,1603.5
2012-06-14,1619.5
2012-06-15,1613.5
2012-06-18,1627.25
2012-06-19,1615.5
2012-06-20,1625.5
2012-06-21,1601.0
2012-06-22,1582.0
2012-06-25,1565.5
2012-06-26,1570.0
2012-06-27,1576.0
2012-06-28,1573.5
2012-06-29,1558.5
2012-07-03,1598.5
2012-07-04,1617.5
2012-07-05,1613.5
2012-07-06,1604.0
2012-07-09,1587.0
2012-07-10,1585.0
2012-07-11,1595.25
2012-07-12,1577.0
2012-07-13,1556.25
2012-07-17,1595.5
2012-07-18,1585.25
2012-07-19,1575.25
2012-07-20,1584.0
2012-07-23,1576.25
2012-07-24,1572.25
2012-07-25,1583.25
2012-07-26,1601.0
2012-07-27,1618.0
2012-07-30,1618.25
2012-07-31,1617.75
2012-08-01,1622.0
2012-08-02,1599.0
2012-08-03,1597.0
2012-08-06,1602.0
2012-08-07,1610.0
2012-08-08,1611.0
2012-08-09,1613.25
2012-08-10,1615.0
2012-08-13,1618.5
2012-08-14,1622.5
2012-08-16,1597.75
2012-08-17,1604.5
2012-08-20,1614.75
2012-08-21,1615.0
2012-08-22,1639.5
2012-08-23,1642.0
2012-08-24,1665.25
2012-08-27,1667.0
2012-08-28,1667.0
2012-08-29,1668.0
2012-08-30,1660.0
2012-08-31,1660.5
2012-09-03,1648.5
2012-09-04,1691.5
2012-09-05,1697.0
2012-09-06,1690.0
2012-09-07,1701.0
2012-09-10,1728.0
2012-09-11,1732.0
2012-09-12,1736.75
2012-09-13,1737.0
2012-09-14,1733.25
2012-09-20,1775.5
2012-09-21,1758.5
2012-09-24,1784.5
2012-09-25,1762.5
2012-09-26,1771.5
2012-09-27,1744.75
2012-09-28,1763.0
2012-10-01,1776.0
2012-10-02,1787.0
2012-10-03,1775.5
2012-10-04,1775.25
2012-10-05,1791.75
2012-10-08,1784.0
2012-10-09,1773.5
2012-10-10,1774.0
2012-10-11,1761.25
2012-10-12,1769.0
2012-10-16,1766.75
2012-10-17,1746.5
2012-10-18,1749.0
2012-10-19,1743.0
2012-10-22,1737.0
2012-10-23,1726.75
2012-10-24,1711.0
2012-10-25,1706.5
2012-10-26,1715.5
2012-10-29,1716.0
2012-10-30,1707.0
2012-10-31,1710.0
2012-11-05,1719.0
2012-11-06,1683.5
2012-11-07,1691.0
2012-11-08,1715.25
2012-11-09,1717.0
2012-11-12,1738.25
2012-11-13,1735.25
2012-11-14,1726.25
2012-11-15,1725.75
2012-11-16,1710.0
2012-11-19,1713.5
2012-11-20,1730.5
2012-11-21,1732.25
2012-11-22,1724.0
2012-11-23,1731.0
2012-11-26,1734.5
2012-11-27,1750.5
2012-11-28,1746.25
2012-11-29,1708.0
2012-11-30,1725.0
2012-12-03,1726.0
2012-12-04,1720.0
2012-12-05,1697.75
2012-12-06,1694.0
2012-12-07,1694.25
2012-12-10,1701.5
2012-12-11,1712.5
2012-12-12,1710.0
2012-12-13,1716.25
2012-12-14,1692.75
2012-12-17,1696.25
2012-12-18,1695.75
2012-12-19,1694.0
2012-12-20,1665.0
2012-12-21,1650.5
2012-12-24,1651.5
2012-12-26,1651.5
2012-12-27,1651.5
2012-12-28,1655.5
2013-01-02,1657.5
2013-01-03,1693.75
2013-01-04,1679.5
2013-01-07,1648.0
2013-01-08,1645.25
2013-01-09,1656.0
2013-01-10,1657.75
2013-01-11,1675.0
2013-01-14,1657.5
2013-01-15,1666.5
2013-01-16,1680.5
2013-01-17,1676.25
2013-01-18,1675.0
2013-01-21,1688.5
2013-01-22,1687.5
2013-01-23,1690.5
2013-01-24,1690.25
2013-01-25,1671.0
2013-01-28,1660.0
2013-01-29,1656.5
2013-01-30,1663.5
2013-01-31,1677.5
2013-02-01,1664.75
2013-02-04,1669.0
2013-02-05,1666.0
2013-02-06,1673.5
2013-02-07,1674.25
2013-02-08,1668.0
2013-02-11,1668.25
2013-02-12,1652.0
2013-02-13,1647.5
2013-02-14,1645.0
2013-02-15,1646.0
2013-02-18,1612.25
2013-02-19,1610.75
2013-02-20,1607.75
2013-02-21,1588.5
2013-02-22,1577.0
2013-02-25,1576.5
2013-02-26,1586.25
2013-02-27,1590.5
2013-02-28,1604.25
2013-03-01,1588.5
2013-03-04,1582.25
2013-03-05,1574.25
2013-03-06,1579.75
2013-03-07,1574.0
2013-03-08,1579.5
2013-03-11,1581.75
2013-03-12,1579.0
2013-03-13,1594.0
2013-03-14,1589.25
2013-03-15,1586.0
2013-03-18,1595.5
2013-03-19,1603.75
2013-03-20,1610.75
2013-03-21,1607.5
2013-03-22,1613.75
2013-03-25,1607.75
2013-03-26,1599.25
2013-03-27,1598.0
2013-03-28,1603.0
2013-04-01,1598.25
2013-04-02,1598.25
2013-04-03,1583.5
2013-04-04,1574.75
2013-04-05,1546.5
2013-04-08,1568.0
2013-04-09,1575.0
2013-04-10,1577.25
2013-04-11,1575.0
2013-04-12,1565.0
2013-04-15,1535.5
2013-04-16,1395.0
2013-04-17,1380.0
2013-04-18,1392.0
2013-04-19,1393.75
2013-04-22,1405.5
2013-04-23,1424.5
2013-04-24,1408.0
2013-04-25,1428.5
2013-04-26,1451.0
2013-04-29,1471.5
2013-04-30,1467.5
2013-05-02,1469.0
2013-05-03,1469.25
2013-05-06,1469.25
2013-05-07,1469.25
2013-05-08,1444.25
2013-05-09,1468.0
2013-05-10,1465.5
2013-05-13,1426.5
2013-05-14,1430.75
2013-05-15,1433.75
2013-05-16,1410.0
2013-05-17,1381.0
2013-05-20,1368.75
2013-05-22,1354.75
2013-05-23,1408.5
2013-05-24,1380.5
2013-05-27,1390.25
2013-05-28,1390.25
2013-05-29,1376.5
2013-05-30,1382.5
2013-05-31,1413.5
2013-06-03,1394.5
2013-06-04,1402.5
2013-06-05,1399.5
2013-06-06,1404.0
2013-06-07,1400.0
2013-06-10,1386.0
2013-06-11,1383.25
2013-06-12,1374.25
2013-06-13,1382.75
2013-06-14,1385.0
2013-06-17,1391.25
2013-06-18,1384.75
2013-06-19,1366.75
2013-06-20,1372.75
2013-06-21,1292.5
2013-06-24,1295.25
2013-06-25,1286.75
2013-06-26,1279.0
2013-06-27,1236.25
2013-06-28,1232.75
2013-07-01,1192.0
2013-07-02,1242.75
2013-07-03,1252.5
2013-07-04,1250.0
2013-07-05,1251.75
2013-07-08,1212.75
2013-07-09,1235.25
2013-07-10,1255.5
2013-07-11,1256.0
2013-07-12,1285.0
2013-07-15,1279.75
2013-07-17,1284.75
2013-07-18,1297.25
2013-07-19,1283.25
2013-07-22,1295.75
2013-07-23,1327.0
2013-07-24,1333.5
2013-07-25,1335.0
2013-07-26,1326.0
2013-07-29,1331.0
2013-07-30,1329.75
2013-07-31,1324.15
2013-08-01,1314.5
2013-08-02,1315.0
2013-08-05,1309.25
2013-08-06,1304.75
2013-08-07,1280.5
2013-08-08,1282.5
2013-08-09,1298.25
2013-08-12,1309.0
2013-08-13,1341.0
2013-08-14,1328.5
2013-08-16,1326.5
2013-08-19,1369.25
2013-08-20,1365.0
2013-08-21,1372.5
2013-08-22,1363.0
2013-08-23,1375.5
2013-08-26,1377.5
2013-08-27,1377.5
2013-08-28,1419.25
2013-08-29,1419.5
2013-08-30,1407.75
2013-09-02,1394.75
2013-09-03,1392.25
2013-09-04,1399.5
2013-09-05,1390.0
2013-09-06,1385.0
2013-09-09,1387.0
2013-09-10,1390.0
2013-09-11,1358.25
2013-09-12,1363.75
2013-09-13,1328.0
2013-09-16,1318.5
2013-09-17,1324.0
2013-09-23,1312.25
2013-09-24,1323.0
2013-09-25,1314.25
2013-09-26,1322.75
2013-09-27,1333.0
2013-09-30,1341.0
2013-10-01,1326.5
2013-10-02,1290.75
2013-10-03,1306.25
2013-10-04,1316.0
2013-10-07,1309.75
2013-10-08,1323.5
2013-10-09,1329.5
2013-10-10,1304.0
2013-10-11,1298.5
2013-10-14,1265.5
2013-10-15,1285.5
2013-10-16,1270.5
2013-10-17,1273.5
2013-10-18,1319.25
2013-10-21,1316.5
2013-10-22,1317.5
2013-10-23,1333.0
2013-10-24,1331.25
2013-10-25,1344.75
2013-10-28,1347.75
2013-10-29,1361.0
2013-10-30,1349.25
2013-11-04,1354.75
2013-11-05,1320.5
2013-11-06,1307.25
2013-11-07,1319.0
2013-11-08,1307.25
2013-11-11,1285.5
2013-11-12,1282.5
2013-11-13,1281.25
2013-11-14,1272.5
2013-11-15,1286.0
2013-11-18,1287.25
2013-11-19,1283.5
2013-11-20,1275.75
2013-11-21,1257.0
2013-11-22,1240.0
2013-11-25,1246.25
2013-11-26,1243.0
2013-11-27,1247.5
2013-11-28,1245.0
2013-11-29,1245.5
2013-12-02,1253.0
2013-12-03,1229.5
2013-12-04,1217.25
2013-12-05,1227.5
2013-12-06,1222.5
2013-12-09,1233.0
2013-12-10,1237.0
2013-12-11,1266.25
2013-12-12,1260.75
2013-12-13,1225.25
2013-12-16,1232.0
2013-12-17,1234.75
2013-12-18,1231.75
2013-12-19,1230.5
2013-12-20,1196.0
2013-12-23,1195.25
2013-12-24,1199.0
2013-12-26,1199.0
2013-12-27,1199.0
2013-12-30,1214.5
2014-01-02,1204.5
2014-01-03,1225.0
2014-01-06,1234.5
2014-01-07,1246.25
2014-01-08,1227.5
2014-01-09,1221.0
2014-01-10,1226.0
2014-01-13,1244.25
2014-01-14,1248.0
2014-01-15,1251.5
2014-01-16,1236.0
2014-01-17,1241.5
2014-01-20,1250.0
2014-01-21,1255.75
2014-01-22,1238.0
2014-01-23,1241.0
2014-01-24,1263.0
2014-01-27,1267.0
2014-01-28,1260.5
2014-01-29,1251.25
2014-01-30,1264.0
2014-01-31,1242.5
2014-02-03,1251.0
2014-02-04,1262.0
2014-02-05,1250.25
2014-02-06,1254.5
2014-02-07,1256.5
2014-02-10,1259.25
2014-02-11,1277.0
2014-02-12,1282.0
2014-02-13,1289.5
2014-02-14,1296.0
2014-02-17,1320.0
2014-02-18,1327.5
2014-02-19,1320.75
2014-02-20,1320.5
2014-02-21,1316.25
2014-02-24,1323.25
2014-02-25,1334.75
2014-02-26,1339.0
2014-02-27,1331.75
2014-02-28,1332.25
2014-03-03,1326.5
2014-03-04,1349.5
2014-03-05,1334.75
2014-03-06,1337.0
2014-03-07,1345.25
2014-03-10,1335.25
2014-03-11,1344.0
2014-03-12,1346.25
2014-03-13,1366.0
2014-03-14,1368.75
2014-03-17,1385.0
2014-03-18,1378.5
2014-03-19,1355.75
2014-03-20,1338.0
2014-03-21,1327.0
2014-03-24,1336.0
2014-03-25,1310.75
2014-03-26,1313.5
2014-03-27,1304.0
2014-03-28,1296.0
2014-03-31,1294.75
2014-04-01,1291.75
2014-04-02,1283.75
2014-04-03,1292.0
2014-04-04,1284.0
2014-04-07,1297.25
2014-04-08,1299.0
2014-04-09,1309.5
2014-04-10,1301.75
2014-04-11,1320.5
2014-04-14,1318.0
2014-04-15,1325.75
2014-04-16,1298.0
2014-04-17,1301.5
2014-04-21,1299.0
2014-04-22,1299.0
2014-04-23,1286.75
2014-04-24,1285.25
2014-04-25,1291.5
2014-04-28,1301.25
2014-04-29,1299.0
2014-04-30,1297.75
2014-05-02,1288.5
2014-05-05,1281.25
2014-05-06,1281.25
2014-05-07,1306.25
2014-05-08,1296.0
2014-05-09,1287.0
2014-05-12,1291.25
2014-05-13,1298.75
2014-05-14,1296.5
2014-05-15,1305.25
2014-05-16,1299.0
2014-05-19,1291.5
2014-05-20,1302.0
2014-05-22,1295.5
2014-05-23,1298.5
2014-05-26,1291.5
2014-05-27,1291.5
2014-05-28,1275.5
2014-05-29,1263.5
2014-05-30,1255.0
2014-06-02,1250.5
2014-06-03,1247.25
2014-06-04,1242.75
2014-06-05,1245.25
2014-06-06,1252.5
2014-06-09,1247.5
2014-06-10,1253.5
2014-06-11,1259.5
2014-06-12,1262.0
2014-06-13,1265.75
2014-06-16,1273.0
2014-06-17,1276.25
2014-06-18,1267.5
2014-06-19,1269.75
2014-06-20,1293.0
2014-06-23,1312.5
2014-06-24,1313.5
2014-06-25,1318.5
2014-06-26,1316.75
2014-06-27,1311.75
2014-06-30,1317.5
2014-07-01,1315.0
2014-07-02,1327.5
2014-07-03,1326.5
2014-07-04,1317.5
2014-07-07,1319.25
2014-07-08,1313.0
2014-07-09,1323.0
2014-07-10,1322.75
2014-07-11,1340.25
2014-07-14,1335.0
2014-07-15,1306.0
2014-07-17,1310.0
2014-07-18,1302.5
2014-07-21,1307.25
2014-07-22,1311.5
2014-07-23,1310.25
2014-07-24,1308.0
2014-07-25,1292.75
2014-07-28,1294.75
2014-07-29,1304.5
2014-07-30,1299.25
2014-07-31,1294.5
2014-08-01,1285.25
2014-08-04,1291.25
2014-08-05,1290.5
2014-08-06,1284.75
2014-08-07,1306.5
2014-08-08,1305.25
2014-08-11,1309.75
2014-08-12,1307.25
2014-08-13,1315.75
2014-08-14,1312.0
2014-08-18,1313.5
2014-08-19,1296.75
2014-08-20,1296.5
2014-08-21,1295.0
2014-08-22,1275.25
2014-08-25,1277.25
2014-08-26,1277.25
2014-08-27,1286.0
2014-08-28,1282.75
2014-08-29,1292.0
2014-09-01,1285.75
2014-09-02,1286.5
2014-09-03,1267.0
2014-09-04,1265.5
2014-09-05,1271.5
2014-09-08,1266.0
2014-09-09,1259.0
2014-09-10,1255.75
2014-09-11,1251.0
2014-09-12,1241.25
2014-09-15,1231.5
2014-09-16,1234.25
2014-09-17,1232.25
2014-09-22,1236.0
2014-09-23,1213.5
2014-09-24,1222.0
2014-09-25,1217.25
2014-09-26,1213.75
2014-09-29,1213.75
2014-09-30,1219.5
2014-10-01,1216.5
2014-10-02,1216.5
2014-10-03,1211.75
2014-10-06,1195.0
2014-10-07,1195.75
2014-10-08,1210.5
2014-10-09,1217.0
2014-10-10,1226.75
2014-10-13,1219.0
2014-10-14,1229.0
2014-10-15,1234.75
2014-10-16,1237.5
2014-10-17,1237.75
2014-10-20,1234.25
2014-10-21,1244.5
2014-10-22,1250.25
2014-10-23,1243.75
2014-10-24,1232.75
2014-10-27,1232.75
2014-10-28,1228.75
2014-10-29,1229.25
2014-10-30,1223.5
2014-11-03,1202.0
2014-11-04,1167.75
2014-11-05,1166.5
2014-11-06,1142.0
2014-11-07,1145.0
2014-11-10,1154.5
2014-11-11,1162.0
2014-11-12,1156.5
2014-11-13,1164.5
2014-11-14,1161.75
2014-11-17,1169.0
2014-11-18,1182.5
2014-11-19,1192.75
2014-11-20,1196.0
2014-11-21,1190.0
2014-11-24,1203.75
2014-11-25,1197.5
2014-11-26,1199.0
2014-11-27,1197.5
2014-11-28,1194.75
2014-12-01,1182.75
2014-12-02,1194.0
2014-12-03,1195.0
2014-12-04,1204.75
2014-12-05,1209.0
2014-12-09,1194.0
2014-12-10,1227.0
2014-12-11,1229.0
2014-12-12,1216.25
2014-12-15,1217.0
2014-12-16,1209.25
2014-12-17,1202.5
2014-12-18,1195.75
2014-12-19,1199.0
2014-12-22,1195.5
2014-12-23,1195.25
2014-12-24,1175.75
2014-12-26,1177.0
2014-12-29,1177.0
2014-12-30,1185.5
2015-01-02,1206.0
2015-01-05,1172.0
2015-01-06,1200.0
2015-01-07,1210.25
2015-01-08,1210.5
2015-01-09,1215.5
2015-01-12,1217.75
2015-01-13,1226.5
2015-01-14,1231.5
2015-01-15,1235.0
2015-01-16,1259.0
2015-01-19,1277.5
2015-01-20,1273.75
2015-01-21,1288.75
2015-01-22,1293.5
2015-01-23,1295.75
2015-01-26,1294.75
2015-01-27,1281.25
2015-01-28,1288.5
2015-01-29,1288.0
2015-01-30,1268.75
2015-02-02,1260.25
2015-02-03,1272.5
2015-02-04,1264.25
2015-02-05,1268.5
2015-02-06,1259.25
2015-02-09,1241.0
2015-02-10,1238.5
2015-02-11,1234.5
2015-02-12,1223.75
2015-02-13,1222.5
2015-02-16,1232.5
2015-02-17,1229.25
2015-02-18,1209.5
2015-02-19,1206.0
2015-02-20,1209.5
2015-02-23,1208.25
2015-02-24,1204.5
2015-02-25,1192.5
2015-02-26,1204.75
2015-02-27,1208.25
2015-03-02,1214.0
2015-03-03,1212.5
2015-03-04,1212.75
2015-03-05,1199.5
2015-03-06,1202.0
2015-03-09,1175.75
2015-03-10,1168.5
2015-03-11,1162.0
2015-03-12,1150.0
2015-03-13,1152.25
2015-03-16,1152.0
2015-03-17,1150.75
2015-03-18,1150.75
2015-03-19,1147.25
2015-03-20,1166.0
2015-03-23,1183.1
2015-03-24,1186.25
2015-03-25,1191.5
2015-03-26,1195.6
2015-03-27,1203.15
2015-03-30,1195.75
2015-03-31,1185.5
2015-04-01,1187.0
2015-04-02,1197.0
2015-04-06,1198.5
2015-04-07,1198.5
2015-04-08,1211.0
2015-04-09,1207.25
2015-04-10,1194.8
2015-04-13,1207.35
2015-04-14,1198.9
2015-04-15,1194.75
2015-04-16,1192.9
2015-04-17,1204.35
2015-04-20,1203.35
2015-04-21,1196.5
2015-04-22,1195.3
2015-04-23,1189.25
2015-04-24,1185.75
2015-04-27,1183.0
2015-04-28,1200.0
2015-04-29,1209.0
2015-04-30,1209.0
2015-05-04,1180.25
2015-05-05,1175.95
2015-05-06,1197.0
2015-05-07,1194.25
2015-05-08,1187.0
2015-05-11,1186.0
2015-05-12,1189.25
2015-05-13,1191.5
2015-05-14,1210.5
2015-05-15,1225.0
2015-05-18,1220.5
2015-05-19,1223.5
2015-05-20,1214.3
2015-05-22,1210.5
2015-05-25,1204.1
2015-05-26,1204.1
2015-05-27,1185.4
2015-05-28,1185.85
2015-05-29,1185.0
2015-06-01,1191.4
2015-06-02,1199.9
2015-06-03,1192.8
2015-06-04,1190.0
2015-06-05,1176.0
2015-06-08,1164.6
2015-06-09,1172.8
2015-06-10,1177.4
2015-06-11,1188.5
2015-06-12,1178.5
2015-06-15,1182.8
2015-06-16,1181.4
2015-06-17,1177.75
2015-06-18,1178.0
2015-06-19,1201.85
2015-06-22,1203.4
2015-06-23,1185.5
2015-06-24,1178.0
2015-06-25,1173.75
2015-06-26,1172.65
2015-06-30,1170.5
2015-07-01,1171.0
2015-07-02,1168.0
2015-07-03,1165.25
2015-07-06,1167.95
2015-07-07,1166.0
2015-07-08,1156.25
2015-07-09,1158.5
2015-07-10,1164.25
2015-07-13,1159.3
2015-07-14,1154.0
2015-07-15,1157.4
2015-07-17,1147.4
2015-07-20,1132.8
2015-07-21,1104.6
2015-07-22,1105.6
2015-07-23,1088.6
2015-07-24,1097.4
2015-07-27,1080.8
2015-07-28,1100.0
2015-07-29,1096.2
2015-07-30,1090.25
2015-07-31,1087.5
2015-08-03,1098.4
2015-08-04,1091.9
2015-08-05,1090.65
2015-08-06,1085.1
2015-08-07,1089.75
2015-08-10,1093.5
2015-08-11,1097.0
2015-08-12,1108.25
2015-08-13,1119.0
2015-08-14,1116.75
2015-08-17,1118.25
2015-08-18,1118.8
2015-08-19,1111.45
2015-08-20,1126.15
2015-08-21,1147.7
2015-08-24,1156.5
2015-08-25,1166.5
2015-08-26,1137.5
2015-08-27,1120.75
2015-08-28,1119.0
2015-08-31,1135.0
2015-09-01,1135.0
2015-09-02,1142.3
2015-09-03,1137.75
2015-09-04,1128.0
2015-09-07,1118.25
2015-09-08,1119.5
2015-09-09,1121.15
2015-09-10,1109.85
2015-09-11,1109.5
2015-09-14,1101.25
2015-09-15,1104.8
2015-09-16,1105.95
2015-09-17,1117.6
2015-09-21,1117.5
2015-09-22,1133.25
2015-09-23,1122.9
2015-09-24,1131.35
2015-09-25,1154.5
2015-09-28,1146.65
2015-09-29,1131.05
2015-09-30,1132.1
2015-10-01,1114.0
2015-10-02,1119.0
2015-10-05,1140.75
2015-10-06,1139.75
2015-10-07,1147.5
2015-10-08,1144.6
2015-10-09,1140.0
2015-10-13,1151.55
2015-10-14,1165.2
2015-10-15,1173.9
2015-10-16,1184.25
2015-10-19,1180.85
2015-10-20,1175.4
2015-10-21,1177.75
2015-10-22,1167.1
2015-10-23,1167.0
2015-10-26,1161.25
2015-10-27,1166.4
2015-10-28,1165.7
2015-10-29,1179.6
2015-10-30,1148.6
2015-11-02,1142.35
2015-11-03,1134.0
2015-11-04,1123.1
2015-11-05,1114.7
2015-11-06,1106.3
2015-11-09,1088.9
2015-11-10,1089.6
2015-11-11,1087.1
2015-11-12,1085.9
2015-11-13,1087.4
2015-11-16,1081.5
2015-11-17,1084.75
2015-11-18,1079.2
2015-11-19,1067.75
2015-11-20,1082.6
2015-11-23,1081.75
2015-11-24,1070.5
2015-11-25,1076.4
2015-11-26,1068.0
2015-11-27,1071.0
2015-11-30,1057.4
2015-12-01,1061.9
2015-12-02,1065.4
2015-12-03,1055.4
2015-12-04,1055.45
2015-12-07,1079.25
2015-12-09,1075.8
2015-12-10,1081.0
2015-12-11,1071.0
2015-12-14,1072.5
2015-12-15,1068.25
2015-12-16,1061.5
2015-12-17,1075.25
2015-12-18,1049.4
2015-12-21,1062.5
2015-12-22,1078.75
2015-12-23,1074.9
2015-12-24,1068.25
2015-12-28,1071.9
2015-12-29,1071.9
2015-12-30,1070.1
2016-01-04,1060.0
2016-01-05,1082.25
2016-01-06,1077.0
2016-01-07,1091.4
2016-01-08,1106.35
2016-01-11,1101.85
2016-01-12,1100.75
2016-01-13,1085.4
2016-01-14,1088.15
2016-01-15,1088.4
2016-01-18,1093.75
2016-01-19,1089.2
2016-01-20,1086.25
2016-01-21,1101.75
2016-01-22,1096.5
2016-01-25,1096.25
2016-01-26,1106.6
2016-01-27,1113.6
2016-01-28,1116.25
2016-01-29,1114.0
2016-02-01,1111.8
2016-02-02,1126.5
2016-02-03,1128.5
2016-02-04,1132.0
2016-02-05,1156.35
2016-02-08,1150.35
2016-02-09,1193.25
2016-02-10,1191.0
2016-02-11,1190.0
2016-02-12,1241.0
2016-02-15,1239.75
2016-02-16,1208.2
2016-02-17,1209.5
2016-02-18,1210.0
2016-02-19,1210.1
2016-02-22,1231.15
2016-02-23,1211.0
2016-02-24,1221.35
2016-02-25,1250.75
2016-02-26,1236.0
2016-02-29,1226.5
2016-03-01,1234.9
2016-03-02,1236.5
2016-03-03,1239.2
2016-03-04,1250.25
2016-03-07,1277.5
2016-03-08,1267.9
2016-03-09,1267.0
2016-03-10,1246.4
2016-03-11,1266.5
2016-03-14,1264.75
2016-03-15,1242.75
2016-03-16,1232.0
2016-03-17,1228.5
2016-03-18,1266.5
2016-03-21,1252.1
2016-03-22,1244.9
2016-03-23,1252.5
2016-03-24,1217.6
2016-03-28,1221.0
2016-03-29,1221.0
2016-03-30,1226.0
2016-03-31,1236.25
2016-04-01,1237.0
2016-04-04,1213.6
2016-04-05,1219.75
2016-04-06,1231.25
2016-04-07,1221.4
2016-04-08,1242.1
2016-04-11,1239.5
2016-04-12,1254.75
2016-04-13,1254.6
2016-04-14,1245.75
2016-04-15,1233.85
2016-04-18,1227.1
2016-04-19,1234.3
2016-04-20,1255.4
2016-04-21,1252.0
2016-04-22,1249.25
2016-04-25,1243.25
2016-04-26,1238.9
2016-04-27,1241.7
2016-04-28,1247.4
2016-04-29,1256.0
2016-05-02,1285.65
2016-05-03,1285.65
2016-05-04,1294.0
2016-05-05,1283.0
2016-05-06,1280.25
2016-05-09,1289.0
2016-05-10,1265.25
2016-05-11,1262.8
2016-05-12,1276.85
2016-05-13,1279.25
2016-05-16,1265.9
2016-05-17,1285.75
2016-05-18,1277.0
2016-05-19,1272.9
2016-05-20,1246.25
2016-05-23,1254.2
2016-05-24,1245.9
2016-05-25,1236.85
2016-05-26,1220.6
2016-05-27,1223.85
2016-05-30,1216.25
2016-05-31,1216.25
2016-06-01,1212.1
2016-06-02,1214.5
2016-06-03,1212.4
2016-06-06,1240.5
2016-06-07,1244.0
2016-06-08,1241.0
2016-06-09,1263.0
2016-06-10,1263.9
2016-06-13,1275.5
2016-06-14,1280.8
2016-06-15,1287.15
2016-06-16,1283.3
2016-06-17,1310.75
2016-06-20,1290.7
2016-06-21,1281.8
2016-06-22,1272.6
2016-06-23,1264.85
2016-06-24,1262.15
2016-06-28,1315.5
2016-06-29,1309.7
2016-06-30,1321.5
2016-07-01,1320.75
2016-07-04,1340.0
2016-07-05,1350.75
2016-07-06,1350.75
2016-07-07,1366.25
2016-07-08,1356.7
2016-07-11,1354.25
2016-07-12,1357.1
2016-07-13,1342.4
2016-07-14,1342.75
2016-07-15,1323.6
2016-07-18,1327.0
2016-07-19,1334.7
2016-07-20,1330.9
2016-07-21,1315.9
2016-07-22,1321.15
2016-07-25,1320.75
2016-07-26,1313.15
2016-07-27,1323.0
2016-07-28,1329.0
2016-07-29,1341.75
2016-08-01,1342.0
2016-08-02,1349.65
2016-08-03,1363.75
2016-08-04,1358.9
2016-08-05,1362.75
2016-08-08,1340.4
2016-08-09,1336.8
2016-08-10,1341.0
2016-08-11,1347.7
2016-08-12,1355.0
2016-08-16,1352.2
2016-08-17,1344.0
2016-08-18,1343.35
2016-08-19,1350.05
2016-08-22,1346.4
2016-08-23,1335.9
2016-08-24,1342.0
2016-08-25,1327.25
2016-08-26,1321.3
2016-08-29,1318.75
2016-08-30,1318.75
2016-08-31,1318.15
2016-09-01,1309.25
2016-09-02,1309.5
2016-09-05,1324.7
2016-09-06,1326.35
2016-09-07,1337.25
2016-09-08,1348.35
2016-09-09,1343.4
2016-09-12,1330.85
2016-09-13,1324.6
2016-09-14,1323.65
2016-09-15,1321.75
2016-09-16,1310.8
2016-09-20,1308.35
2016-09-21,1313.8
2016-09-22,1326.1
2016-09-23,1339.1
2016-09-26,1338.65
2016-09-27,1340.5
2016-09-28,1327.0
2016-09-29,1322.5
2016-09-30,1318.1
2016-10-03,1322.5
2016-10-04,1313.3
2016-10-05,1283.3
2016-10-06,1269.4
2016-10-07,1254.5
2016-10-11,1258.75
2016-10-12,1253.45
2016-10-13,1256.5
2016-10-14,1261.05
2016-10-17,1251.75
2016-10-18,1254.8
2016-10-19,1258.2
2016-10-20,1269.05
2016-10-21,1271.65
2016-10-24,1266.05
2016-10-25,1265.55
2016-10-26,1269.4
2016-10-27,1270.5
2016-10-28,1266.25
2016-11-02,1273.0
2016-11-03,1303.75
2016-11-04,1301.0
2016-11-07,1302.8
2016-11-08,1283.05
2016-11-09,1282.35
2016-11-10,1281.4
2016-11-11,1267.5
2016-11-14,1236.45
2016-11-15,1213.6
2016-11-16,1226.95
2016-11-17,1229.2
2016-11-18,1226.75
2016-11-21,1211.0
2016-11-22,1214.25
2016-11-23,1212.25
2016-11-24,1185.35
2016-11-25,1186.1
2016-11-28,1187.7
2016-11-29,1187.0
2016-11-30,1186.55
2016-12-01,1178.1
2016-12-02,1161.85
2016-12-05,1173.5
2016-12-06,1162.2
2016-12-07,1172.5
2016-12-09,1177.65
2016-12-12,1163.6
2016-12-13,1156.1
2016-12-14,1158.55
2016-12-15,1162.25
2016-12-16,1126.95
2016-12-19,1131.6
2016-12-20,1136.25
2016-12-21,1125.7
2016-12-22,1133.65
2016-12-23,1131.35
2016-12-26,1131.35
2016-12-27,1131.35
2016-12-28,1131.35
2016-12-29,1134.6
2016-12-30,1145.9
2017-01-03,1145.9
2017-01-04,1151.0
2017-01-05,1164.25
2017-01-06,1176.7
2017-01-09,1175.85
2017-01-10,1178.5
2017-01-11,1189.5
2017-01-12,1178.55
2017-01-13,1205.05
2017-01-16,1190.35
2017-01-17,1203.0
2017-01-18,1216.05
2017-01-19,1214.75
2017-01-20,1196.05
2017-01-23,1200.55
2017-01-24,1212.85
2017-01-25,1216.8
2017-01-26,1195.0
2017-01-27,1189.7
2017-01-30,1184.85
2017-01-31,1192.8
2017-02-01,1212.8
2017-02-02,1203.65
2017-02-03,1221.95
2017-02-06,1215.2
2017-02-07,1226.75
2017-02-08,1231.0
2017-02-09,1242.1
2017-02-10,1236.8
2017-02-13,1228.3
2017-02-14,1222.25
2017-02-15,1230.75
2017-02-16,1224.4
2017-02-17,1240.55
2017-02-20,1241.95
2017-02-21,1237.3
2017-02-22,1233.2
2017-02-23,1236.65
2017-02-24,1247.9
2017-02-27,1253.65
2017-02-28,1257.2
2017-03-01,1255.6
2017-03-02,1240.4
2017-03-03,1238.1
2017-03-06,1226.5
2017-03-07,1230.95
2017-03-08,1216.65
2017-03-09,1209.2
2017-03-10,1206.55
2017-03-13,1202.65
2017-03-14,1204.2
2017-03-15,1204.6
2017-03-16,1198.8
2017-03-17,1229.35
2017-03-20,1229.6
2017-03-21,1232.4
2017-03-22,1241.6
2017-03-23,1249.05
2017-03-24,1247.5
2017-03-27,1247.5
2017-03-28,1257.55
2017-03-29,1257.25
2017-03-30,1251.1
2017-03-31,1248.8
2017-04-03,1244.85
2017-04-04,1247.25
2017-04-05,1257.65
2017-04-06,1245.8
2017-04-07,1252.5
2017-04-10,1266.45
2017-04-11,1250.05
2017-04-12,1252.9
2017-04-13,1274.3
2017-04-17,1284.15
2017-04-18,1284.15
2017-04-20,1278.95
2017-04-21,1282.1
2017-04-24,1281.85
2017-04-25,1269.4
2017-04-26,1267.8
2017-04-27,1261.85
2017-04-28,1262.8
2017-05-02,1266.45
2017-05-03,1255.45
2017-05-04,1250.3
2017-05-05,1228.45
2017-05-08,1228.05
2017-05-09,1229.8
2017-05-10,1220.4
2017-05-11,1222.95
2017-05-12,1223.15
2017-05-15,1231.25
2017-05-16,1233.3
2017-05-17,1234.2
2017-05-18,1257.4
2017-05-19,1255.9
2017-05-22,1252.0
2017-05-23,1258.85
2017-05-24,1260.2
2017-05-25,1252.55
2017-05-26,1256.95
2017-05-29,1265.05
2017-05-30,1265.05
2017-05-31,1262.7
2017-06-01,1266.2
2017-06-02,1264.85
2017-06-05,1274.95
2017-06-06,1279.95
2017-06-07,1293.5
2017-06-08,1291.0
2017-06-09,1273.1
2017-06-12,1266.55
2017-06-13,1266.4
2017-06-14,1262.0
2017-06-15,1275.5
2017-06-16,1254.55
2017-06-19,1255.4
2017-06-20,1248.15
2017-06-21,1242.2
2017-06-22,1242.5
2017-06-23,1250.8
2017-06-27,1255.7
2017-06-28,1249.55
2017-06-29,1248.0
2017-06-30,1243.5
2017-07-03,1242.25
2017-07-04,1229.25
2017-07-05,1223.75
2017-07-06,1220.3
2017-07-07,1224.9
2017-07-10,1215.65
2017-07-11,1211.9
2017-07-12,1211.05
2017-07-13,1218.8
2017-07-14,1218.9
2017-07-17,1230.3
2017-07-18,1234.1
2017-07-19,1240.75
2017-07-20,1242.15
2017-07-21,1238.7
2017-07-24,1248.55
2017-07-25,1255.55
2017-07-26,1254.4
2017-07-27,1248.1
2017-07-28,1261.1
2017-07-31,1264.9
2017-08-01,1267.55
2017-08-02,1270.95
2017-08-03,1269.6
2017-08-04,1268.1
2017-08-07,1257.7
2017-08-08,1258.0
2017-08-09,1261.8
2017-08-10,1271.05
2017-08-11,1284.4
2017-08-14,1286.1
2017-08-16,1282.3
2017-08-17,1272.75
2017-08-18,1285.15
2017-08-21,1295.8
2017-08-22,1292.9
2017-08-23,1284.2
2017-08-24,1286.65
2017-08-25,1289.0
2017-08-28,1285.3
2017-08-29,1285.3
2017-08-30,1318.65
2017-08-31,1308.5
2017-09-01,1311.75
2017-09-04,1320.4
2017-09-05,1333.1
2017-09-06,1335.55
2017-09-07,1337.85
2017-09-08,1343.5
2017-09-11,1346.25
2017-09-12,1334.2
2017-09-13,1326.5
2017-09-14,1327.55
2017-09-15,1324.55
2017-09-20,1322.85
2017-09-21,1311.3
2017-09-22,1292.1
2017-09-25,1294.8
2017-09-26,1293.3
2017-09-27,1300.05
2017-09-28,1282.55
2017-09-29,1283.35
2017-10-02,1283.1
2017-10-03,1273.7
2017-10-04,1271.25
2017-10-05,1274.25
2017-10-06,1274.5
2017-10-10,1261.8
2017-10-11,1291.4
2017-10-12,1289.25
2017-10-13,1290.25
2017-10-16,1299.6
2017-10-17,1303.3
2017-10-18,1284.75
2017-10-19,1280.2
2017-10-20,1286.4
2017-10-23,1281.2
2017-10-24,1274.9
2017-10-25,1276.45
2017-10-26,1275.0
2017-10-30,1273.75
2017-10-31,1272.0
2017-11-02,1270.15
2017-11-03,1279.2
2017-11-06,1267.2
2017-11-07,1270.9
2017-11-08,1275.6
2017-11-09,1284.0
2017-11-10,1284.8
2017-11-13,1284.3
2017-11-14,1277.95
2017-11-15,1274.6
2017-11-16,1282.2
2017-11-17,1280.0
2017-11-20,1284.35
2017-11-21,1286.2
2017-11-22,1283.3
2017-11-23,1286.95
2017-11-24,1290.35
2017-11-27,1290.5
2017-11-28,1294.9
2017-11-29,1291.85
2017-11-30,1283.85
2017-12-01,1280.2
2017-12-04,1275.5
2017-12-05,1273.45
2017-12-06,1266.3
2017-12-07,1263.7
2017-12-11,1255.0
2017-12-12,1247.15
2017-12-13,1240.9
2017-12-14,1242.65
2017-12-15,1251.0
2017-12-18,1254.6
2017-12-19,1260.6
2017-12-20,1260.35
2017-12-21,1264.55
2017-12-22,1264.55
2017-12-26,1264.55
2017-12-27,1264.55
2017-12-28,1279.4
2017-12-29,1291.0
2018-01-02,1291.0
2018-01-03,1312.05
2018-01-04,1314.9
2018-01-05,1314.5
2018-01-08,1317.15
2018-01-09,1319.95
2018-01-10,1311.0
2018-01-11,1319.75
2018-01-12,1323.05
2018-01-15,1326.8
2018-01-16,1339.25
2018-01-17,1333.85
2018-01-18,1335.65
2018-01-19,1332.2
2018-01-22,1334.95
2018-01-23,1332.6
2018-01-24,1333.4
2018-01-25,1353.7
2018-01-26,1354.95
2018-01-29,1353.15
2018-01-30,1343.85
2018-01-31,1344.9
2018-02-01,1345.05
2018-02-02,1341.35
2018-02-05,1331.15
2018-02-06,1333.6
2018-02-07,1331.4
2018-02-08,1324.65
2018-02-09,1315.45
2018-02-12,1314.1
2018-02-13,1322.3
2018-02-14,1325.35
2018-02-15,1336.25
2018-02-16,1352.45
2018-02-19,1352.1
2018-02-20,1346.6
2018-02-21,1339.85
2018-02-22,1330.5
2018-02-23,1328.35
2018-02-26,1327.95
2018-02-27,1333.5
2018-02-28,1325.75
2018-03-01,1317.85
2018-03-02,1307.75
2018-03-05,1322.3
2018-03-06,1320.4
2018-03-07,1331.4
2018-03-08,1329.4
2018-03-09,1321.0
2018-03-12,1320.6
2018-03-13,1319.15
2018-03-14,1322.75
2018-03-15,1323.55
2018-03-16,1318.75
2018-03-19,1310.1
2018-03-20,1312.4
2018-03-21,1311.0
2018-03-22,1321.35
2018-03-23,1329.15
2018-03-26,1346.6
2018-03-27,1352.4
2018-03-28,1341.45
2018-03-29,1332.45
2018-04-02,1323.85
2018-04-03,1323.85
2018-04-04,1333.45
2018-04-05,1337.3
2018-04-06,1327.7
2018-04-09,1331.2
2018-04-10,1331.95
2018-04-11,1338.95
2018-04-12,1350.75
2018-04-13,1341.35
2018-04-16,1343.7
2018-04-17,1349.35
2018-04-18,1342.1
2018-04-19,1351.45
2018-04-20,1348.6
2018-04-23,1336.75
2018-04-24,1324.3
2018-04-25,1328.85
2018-04-26,1323.3
2018-04-27,1317.54
2018-04-30,1322.5
2018-05-02,1318.11
2018-05-03,1305.97
2018-05-04,1312.6
2018-05-07,1314.35
2018-05-08,1314.15
2018-05-09,1313.55
2018-05-10,1312.53
2018-05-11,1320.45
2018-05-14,1321.05
2018-05-15,1314.27
2018-05-16,1290.33
2018-05-17,1292.6
2018-05-18,1291.58
2018-05-22,1293.12
2018-05-23,1292.3
2018-05-24,1294.52
2018-05-25,1304.87
2018-05-28,1303.37
2018-05-29,1298.09
2018-05-30,1304.18
2018-05-31,1301.47
2018-06-01,1300.81
2018-06-04,1295.42
2018-06-05,1292.7
2018-06-06,1298.15
2018-06-07,1295.91
2018-06-08,1297.81
2018-06-11,1298.82
2018-06-12,1299.87
2018-06-13,1295.44
2018-06-14,1293.56
2018-06-15,1302.39
2018-06-18,1279.33
2018-06-19,1279.88
2018-06-20,1276.31
2018-06-21,1269.09
2018-06-22,1268.67
2018-06-25,1269.39
2018-06-26,1267.24
2018-06-27,1258.72
2018-06-28,1254.53
2018-06-29,1246.49
2018-07-03,1253.37
2018-07-04,1253.23
2018-07-05,1256.26
2018-07-06,1255.46
2018-07-09,1254.72
2018-07-10,1259.04
2018-07-11,1255.66
2018-07-12,1243.97
2018-07-13,1247.16
2018-07-17,1241.31
2018-07-18,1228.39
2018-07-19,1227.29
2018-07-20,1223.56
2018-07-23,1230.36
2018-07-24,1224.84
2018-07-25,1225.37
2018-07-26,1232.03
2018-07-27,1223.49
2018-07-30,1224.02
2018-07-31,1222.67
2018-08-01,1224.85
2018-08-02,1220.42
2018-08-03,1210.68
2018-08-06,1214.52
2018-08-07,1208.84
2018-08-08,1209.05
2018-08-09,1213.6
2018-08-10,1212.26
2018-08-13,1211.7
2018-08-14,1193.43
2018-08-16,1193.34
2018-08-17,1175.49
2018-08-20,1177.45
2018-08-21,1188.16
2018-08-22,1193.38
2018-08-23,1196.32
2018-08-24,1187.41
2018-08-27,1206.15
2018-08-28,1209.5
2018-08-29,1207.86
2018-08-30,1205.12
2018-08-31,1199.34
2018-09-03,1200.78
2018-09-04,1200.99
2018-09-05,1193.85
2018-09-06,1196.03
2018-09-07,1198.96
2018-09-10,1195.43
2018-09-11,1195.09
2018-09-12,1197.13
2018-09-13,1205.78
2018-09-14,1203.27
2018-09-20,1196.11
2018-09-21,1206.81
2018-09-24,1197.41
2018-09-25,1200.03
2018-09-26,1200.45
2018-09-27,1195.0
2018-09-28,1184.19
2018-10-01,1192.21
2018-10-02,1187.95
2018-10-03,1203.16
2018-10-04,1199.03
2018-10-05,1198.45
2018-10-08,1201.49
2018-10-09,1185.3
2018-10-10,1187.41
2018-10-11,1189.92
2018-10-12,1222.41
2018-10-16,1218.96
2018-10-17,1227.21
2018-10-18,1223.7
2018-10-19,1226.34
2018-10-22,1226.01
2018-10-23,1221.89
2018-10-24,1233.35
2018-10-25,1229.26
2018-10-26,1229.52
2018-10-29,1234.52
2018-10-30,1226.3
2018-10-31,1224.14
2018-11-05,1213.23
2018-11-06,1229.65
2018-11-07,1226.47
2018-11-08,1227.98
2018-11-09,1223.39
2018-11-12,1208.87
2018-11-13,1203.39
2018-11-14,1202.04
2018-11-15,1203.59
2018-11-16,1213.04
2018-11-19,1222.28
2018-11-20,1222.62
2018-11-21,1222.2
2018-11-22,1226.38
2018-11-23,1227.46
2018-11-26,1223.38
2018-11-27,1222.66
2018-11-28,1212.75
2018-11-29,1219.29
2018-11-30,1225.53
2018-12-03,1221.97
2018-12-04,1233.33
2018-12-05,1237.42
2018-12-06,1238.41
2018-12-07,1240.83
2018-12-10,1245.33
2018-12-11,1244.34
2018-12-12,1244.38
2018-12-13,1244.35
2018-12-14,1243.0
2018-12-17,1239.87
2018-12-18,1245.04
2018-12-19,1249.09
2018-12-20,1253.04
2018-12-21,1261.97
2018-12-24,1257.31
2018-12-26,1268.45
2018-12-27,1271.46
2018-12-28,1277.39
2019-01-02,1279.27
2019-01-03,1285.62
2019-01-04,1290.61
2019-01-07,1285.17
2019-01-08,1288.12
2019-01-09,1285.55
2019-01-10,1288.37
2019-01-11,1288.93
2019-01-14,1290.52
2019-01-15,1291.1
2019-01-16,1288.07
2019-01-17,1294.27
2019-01-18,1291.39
2019-01-21,1282.88
2019-01-22,1280.08
2019-01-23,1283.32
2019-01-24,1285.34
2019-01-25,1280.68
2019-01-28,1297.43
2019-01-29,1302.86
2019-01-30,1309.5
2019-01-31,1311.07
2019-02-01,1320.85
2019-02-04,1317.86
2019-02-05,1314.32
2019-02-06,1314.45
2019-02-07,1312.26
2019-02-08,1310.74
2019-02-11,1314.83
2019-02-12,1308.9
2019-02-13,1309.66
2019-02-14,1311.37
2019-02-15,1311.65
2019-02-18,1317.38
2019-02-19,1326.28
2019-02-20,1340.07
2019-02-21,1345.17
2019-02-22,1328.24
2019-02-25,1331.33
2019-02-26,1326.05
2019-02-27,1325.45
2019-02-28,1318.57
2019-03-01,1314.34
2019-03-04,1300.85
2019-03-05,1287.97
2019-03-06,1283.23
2019-03-07,1286.77
2019-03-08,1285.34
2019-03-11,1298.5
2019-03-12,1291.07
2019-03-13,1298.2
2019-03-14,1309.38
2019-03-15,1296.05
2019-03-18,1302.84
2019-03-19,1302.19
2019-03-20,1307.31
2019-03-21,1301.4
2019-03-22,1307.47
2019-03-25,1312.75
2019-03-26,1321.53
2019-03-27,1315.07
2019-03-28,1310.6
2019-03-29,1291.89
2019-04-01,1292.97
2019-04-02,1289.34
2019-04-03,1291.22
2019-04-04,1290.63
2019-04-05,1290.62
2019-04-08,1291.51
2019-04-09,1297.97
2019-04-10,1304.35
2019-04-11,1307.87
2019-04-12,1290.9
2019-04-15,1291.35
2019-04-16,1288.34
2019-04-17,1275.75
2019-04-18,1274.35
2019-04-22,1274.0
2019-04-23,1275.1
2019-04-24,1271.37
2019-04-25,1275.97
2019-04-26,1277.6
2019-04-29,1286.78
2019-04-30,1279.29
2019-05-02,1283.63
2019-05-03,1271.7
2019-05-06,1279.33
2019-05-07,1282.05
2019-05-08,1284.38
2019-05-09,1280.69
2019-05-10,1284.71
2019-05-13,1286.44
2019-05-14,1299.82
2019-05-15,1296.11
2019-05-16,1296.45
2019-05-17,1285.91
2019-05-20,1276.23
2019-05-22,1277.15
2019-05-23,1274.19
2019-05-24,1285.41
2019-05-27,1284.3
2019-05-28,1288.7
2019-05-29,1278.41
2019-05-30,1281.73
2019-05-31,1288.18
2019-06-03,1304.9
2019-06-04,1323.91
2019-06-05,1326.12
2019-06-06,1329.01
2019-06-07,1336.73
2019-06-10,1339.83
2019-06-11,1327.47
2019-06-12,1328.08
2019-06-13,1332.97
2019-06-14,1342.38
2019-06-17,1340.25
2019-06-18,1338.94
2019-06-19,1346.36
2019-06-20,1351.94
2019-06-21,1389.79
2019-06-24,1397.67
2019-06-25,1415.48
2019-06-26,1422.22
2019-06-27,1410.8
2019-06-28,1407.35
2019-07-01,1410.22
2019-07-02,1386.02
2019-07-03,1407.8
2019-07-04,1418.5
2019-07-05,1415.44
2019-07-08,1398.48
2019-07-09,1396.97
2019-07-10,1398.45
2019-07-11,1415.28
2019-07-12,1406.67
2019-07-15,1415.88
2019-07-17,1410.82
2019-07-18,1422.78
2019-07-19,1434.39
2019-07-22,1422.72
2019-07-23,1427.91
2019-07-24,1419.83
2019-07-25,1422.89
2019-07-26,1416.66
2019-07-29,1419.55
2019-07-30,1422.81
2019-07-31,1430.86
2019-08-01,1427.51
2019-08-02,1439.06
2019-08-05,1442.28
2019-08-06,1465.21
2019-08-07,1469.88
2019-08-08,1506.78
2019-08-09,1505.09
2019-08-12,1497.29
2019-08-13,1507.38
2019-08-14,1499.6
2019-08-16,1518.37
2019-08-19,1514.53
2019-08-20,1497.81
2019-08-21,1506.64
2019-08-22,1504.12
2019-08-23,1500.5
2019-08-26,1527.96
2019-08-27,1530.08
2019-08-28,1542.04
2019-08-29,1542.37
2019-08-30,1520.94
2019-09-02,1521.1
2019-09-03,1528.78
2019-09-04,1545.86
2019-09-05,1554.1
2019-09-06,1519.27
2019-09-09,1509.2
2019-09-10,1503.66
2019-09-11,1491.61
2019-09-12,1496.07
2019-09-13,1500.13
2019-09-16,1492.43
2019-09-17,1503.39
2019-09-23,1505.24
2019-09-24,1523.51
2019-09-25,1531.32
2019-09-26,1505.72
2019-09-27,1508.81
2019-09-30,1501.41
2019-10-01,1466.77
2019-10-02,1483.23
2019-10-03,1504.21
2019-10-04,1507.86
2019-10-07,1506.55
2019-10-08,1491.82
2019-10-09,1499.14
2019-10-10,1507.57
2019-10-11,1497.74
2019-10-14,1483.27
2019-10-15,1493.39
2019-10-16,1479.91
2019-10-17,1489.73
2019-10-18,1495.23
2019-10-21,1491.21
2019-10-22,1484.16
2019-10-23,1484.53
2019-10-24,1492.89
2019-10-25,1501.83
2019-10-28,1503.29
2019-10-29,1493.48
2019-10-30,1488.51
2019-11-04,1494.31
2019-11-05,1508.56
2019-11-06,1483.72
2019-11-07,1491.2
2019-11-08,1464.12
2019-11-11,1460.92
2019-11-12,1455.55
2019-11-13,1452.92
2019-11-14,1462.55
2019-11-15,1471.98
2019-11-18,1467.46
2019-11-19,1472.69
2019-11-20,1474.12
2019-11-21,1467.47
2019-11-22,1466.76
2019-11-25,1463.79
2019-11-26,1457.74
2019-11-27,1459.3
2019-11-28,1455.21
2019-11-29,1456.27
2019-12-02,1465.65
2019-12-03,1463.04
2019-12-04,1479.29
2019-12-05,1473.94
2019-12-06,1480.31
2019-12-09,1461.88
2019-12-10,1460.83
2019-12-11,1464.42
2019-12-12,1471.09
2019-12-13,1468.9
2019-12-16,1475.27
2019-12-17,1474.67
2019-12-18,1476.43
2019-12-19,1475.18
2019-12-20,1479.16
2019-12-23,1478.05
2019-12-24,1484.06
2019-12-26,1499.32
2019-12-27,1509.82
2019-12-30,1514.04
2020-01-02,1514.63
2020-01-03,1525.18
2020-01-06,1548.5
2020-01-07,1563.3
2020-01-08,1572.18
2020-01-09,1560.5
2020-01-10,1551.11
2020-01-13,1559.55
2020-01-14,1549.59
2020-01-15,1542.8
2020-01-16,1552.66
2020-01-17,1551.66
2020-01-20,1558.84
2020-01-21,1560.8
2020-01-22,1557.37
2020-01-23,1557.72
2020-01-24,1565.57
2020-01-27,1573.05
2020-01-28,1579.98
2020-01-29,1570.32
2020-01-30,1569.83
2020-01-31,1583.41
2020-02-03,1583.04
2020-02-04,1576.76
2020-02-05,1550.61
2020-02-06,1558.05
2020-02-07,1565.61
2020-02-10,1568.02
2020-02-11,1575.38
2020-02-12,1566.19
2020-02-13,1568.18
2020-02-14,1576.13
2020-02-17,1582.99
2020-02-18,1582.01
2020-02-19,1602.33
2020-02-20,1607.2
2020-02-21,1620.66
2020-02-24,1644.21
2020-02-25,1673.67
2020-02-26,1646.28
2020-02-27,1641.33
2020-02-28,1642.7
2020-03-02,1586.23
2020-03-03,1600.11
2020-03-04,1646.28
2020-03-05,1643.28
2020-03-06,1663.21
2020-03-09,1668.15
2020-03-10,1674.59
2020-03-11,1660.99
2020-03-12,1642.97
2020-03-13,1593.56
2020-03-16,1515.63
2020-03-17,1493.84
2020-03-18,1525.77
2020-03-19,1473.2
2020-03-20,1476.64
2020-03-23,1481.12
2020-03-24,1558.16
2020-03-25,1625.55
2020-03-26,1613.41
2020-03-27,1637.04
2020-03-30,1626.55
2020-03-31,1620.91
2020-04-01,1590.11
2020-04-02,1578.98
2020-04-03,1612.33
2020-04-06,1620.11
2020-04-07,1657.01
2020-04-08,1648.53
2020-04-09,1649.4
2020-04-13,1679.61
2020-04-14,1720.98
2020-04-15,1736.83
2020-04-16,1719.84
2020-04-17,1713.37
2020-04-20,1685.64
2020-04-21,1688.12
2020-04-22,1679.79
2020-04-23,1714.11
2020-04-24,1728.62
2020-04-27,1725.0
2020-04-28,1711.86
2020-04-29,1707.07
2020-04-30,1701.79
2020-05-04,1686.46
2020-05-05,1707.52
2020-05-06,1707.69
2020-05-07,1687.8
2020-05-08,1721.37
2020-05-11,1705.49
2020-05-12,1694.69
2020-05-13,1704.18
2020-05-14,1711.71
2020-05-15,1732.38
2020-05-18,1743.81
2020-05-19,1733.67
2020-05-20,1745.42
2020-05-22,1751.41
2020-05-25,1734.76
2020-05-26,1728.16
2020-05-27,1713.54
2020-05-28,1713.53
2020-05-29,1713.32
2020-06-01,1734.31
2020-06-02,1737.76
2020-06-03,1724.54
2020-06-04,1696.81
2020-06-05,1718.78
2020-06-08,1680.29
2020-06-09,1699.1
2020-06-10,1716.34
2020-06-11,1727.04
2020-06-12,1729.94
2020-06-15,1730.78
2020-06-16,1727.98
2020-06-17,1727.57
2020-06-18,1726.82
2020-06-19,1723.8
2020-06-22,1741.57
2020-06-23,1756.8
2020-06-24,1766.58
2020-06-25,1765.84
2020-06-26,1762.74
2020-06-30,1766.86
2020-07-01,1781.18
2020-07-02,1767.32
2020-07-03,1777.2
2020-07-06,1772.0
2020-07-07,1785.07
2020-07-08,1796.43
2020-07-09,1810.02
2020-07-10,1802.09
2020-07-13,1797.38
2020-07-14,1808.49
2020-07-15,1810.26
2020-07-17,1811.65
2020-07-20,1809.76
2020-07-21,1816.03
2020-07-22,1842.21
2020-07-23,1864.44
2020-07-24,1885.2
2020-07-27,1900.43
2020-07-28,1936.74
2020-07-29,1952.76
2020-07-30,1967.56
2020-07-31,1952.53
2020-08-03,1972.46
2020-08-04,1974.95
2020-08-05,2007.91
2020-08-06,2036.36
2020-08-07,2056.88
2020-08-10,2029.41
2020-08-11,2026.12
2020-08-12,1912.2
2020-08-13,1935.42
2020-08-14,1942.81
2020-08-17,1945.95
2020-08-18,1982.87
2020-08-19,2004.32
2020-08-20,1942.99
2020-08-21,1945.38
2020-08-24,1938.1
2020-08-25,1928.86
2020-08-26,1923.16
2020-08-27,1948.72
2020-08-28,1930.71
2020-08-31,1965.29
2020-09-01,1968.66
2020-09-02,1971.28
2020-09-03,1940.53
2020-09-04,1934.1
2020-09-07,1931.83
2020-09-08,1929.65
2020-09-09,1937.54
2020-09-10,1946.61
2020-09-11,1957.26
2020-09-14,1939.91
2020-09-15,1954.6
2020-09-16,1956.19
2020-09-17,1962.29
2020-09-21,1943.95
2020-09-22,1907.22
2020-09-23,1904.38
2020-09-24,1864.62
2020-09-25,1875.12
2020-09-28,1863.46
2020-09-29,1879.33
2020-09-30,1898.08
2020-10-01,1892.56
2020-10-02,1910.81
2020-10-05,1900.58
2020-10-06,1914.31
2020-10-07,1903.4
2020-10-08,1887.91
2020-10-09,1891.23
2020-10-13,1921.9
2020-10-14,1890.22
2020-10-15,1902.72
2020-10-16,1905.43
2020-10-19,1902.17
2020-10-20,1908.02
2020-10-21,1912.15
2020-10-22,1926.03
2020-10-23,1902.96
2020-10-26,1903.34
2020-10-27,1901.74
2020-10-28,1910.06
2020-10-29,1880.1
2020-10-30,1868.31
2020-11-02,1878.74
2020-11-03,1894.03
2020-11-04,1908.61
2020-11-05,1896.51
2020-11-06,1944.86
2020-11-09,1952.02
2020-11-10,1863.66
2020-11-11,1882.95
2020-11-12,1862.81
2020-11-13,1881.8
2020-11-16,1891.47
2020-11-17,1892.46
2020-11-18,1886.35
2020-11-19,1879.01
2020-11-20,1863.35
2020-11-23,1871.89
2020-11-24,1838.37
2020-11-25,1803.34
2020-11-26,1810.64
2020-11-27,1810.61
2020-11-30,1785.14
2020-12-01,1782.23
2020-12-02,1813.0
2020-12-03,1827.14
2020-12-04,1835.78
2020-12-07,1834.83
2020-12-09,1864.91
2020-12-10,1840.94
2020-12-11,1835.61
2020-12-14,1842.81
2020-12-15,1828.61
2020-12-16,1849.33
2020-12-17,1852.3
2020-12-18,1887.18
2020-12-21,1883.23
2020-12-22,1881.16
2020-12-23,1866.32
2020-12-24,1872.04
2020-12-28,1879.4
2020-12-29,1876.85
2020-12-30,1878.55
2021-01-04,1887.9
2021-01-05,1935.58
2021-01-06,1948.77
2021-01-07,1903.54
2021-01-08,1911.34
2021-01-11,1840.92
2021-01-12,1847.94
2021-01-13,1839.71
2021-01-14,1855.76
2021-01-15,1846.55
2021-01-18,1830.74
2021-01-19,1836.77
2021-01-20,1841.25
2021-01-21,1865.4
2021-01-22,1864.11
2021-01-25,1853.87
2021-01-26,1858.85
2021-01-27,1852.83
2021-01-28,1844.56
2021-01-29,1840.83
2021-02-01,1854.37
2021-02-02,1865.21
2021-02-03,1837.9
2021-02-04,1834.23
2021-02-05,1789.19
2021-02-08,1812.62
2021-02-09,1835.23
2021-02-10,1837.73
2021-02-11,1841.28
2021-02-12,1824.01
2021-02-15,1824.15
2021-02-16,1817.76
2021-02-17,1796.1
2021-02-18,1779.0
2021-02-19,1777.81
2021-02-22,1781.75
2021-02-23,1810.82
2021-02-24,1807.72
2021-02-25,1800.75
2021-02-26,1773.95
2021-03-01,1723.41
2021-03-02,1727.71
2021-03-03,1737.06
2021-03-04,1716.79
2021-03-05,1705.37
2021-03-08,1699.98
2021-03-09,1680.04
2021-03-10,1715.84
2021-03-11,1718.87
2021-03-12,1724.81
2021-03-15,1719.09
2021-03-16,1729.52
2021-03-17,1731.14
2021-03-18,1729.48
2021-03-19,1734.41
2021-03-22,1742.87
2021-03-23,1739.02
2021-03-24,1725.58
2021-03-25,1734.72
2021-03-26,1723.27
2021-03-29,1731.52
2021-03-30,1713.78
2021-03-31,1684.36
2021-04-01,1713.85
2021-04-05,1728.62
2021-04-06,1727.17
2021-04-07,1744.16
2021-04-08,1740.46
2021-04-09,1755.03
2021-04-12,1742.44
2021-04-13,1729.0
2021-04-14,1746.5
2021-04-15,1735.98
2021-04-16,1765.9
2021-04-19,1778.21
2021-04-20,1770.59
2021-04-21,1777.81
2021-04-22,1791.22
2021-04-23,1780.37
2021-04-26,1776.59
2021-04-27,1779.56
2021-04-28,1777.11
2021-04-29,1775.1
2021-04-30,1770.27
2021-05-03,1769.38
2021-05-04,1791.82
2021-05-05,1779.19
2021-05-06,1783.81
2021-05-07,1814.64
2021-05-10,1831.01
2021-05-11,1836.87
2021-05-12,1835.42
2021-05-13,1821.46
2021-05-14,1824.76
2021-05-17,1841.37
2021-05-18,1866.7
2021-05-19,1869.65
2021-05-20,1869.21
2021-05-24,1874.35
2021-05-25,1882.92
2021-05-26,1897.69
2021-05-27,1894.22
2021-05-28,1896.34
2021-05-31,1900.43
2021-06-01,1906.87
2021-06-02,1902.06
2021-06-03,1907.17
2021-06-04,1874.0
2021-06-07,1891.2
2021-06-08,1899.58
2021-06-09,1893.2
2021-06-10,1891.68
2021-06-11,1895.12
2021-06-14,1877.03
2021-06-15,1864.47
2021-06-16,1857.12
2021-06-17,1840.57
2021-06-18,1780.65
2021-06-22,1771.43
2021-06-23,1778.8
2021-06-24,1779.8
2021-06-25,1777.66
2021-06-29,1777.95
2021-06-30,1765.27
2021-07-01,1768.5
2021-07-02,1773.19
2021-07-05,1791.4
2021-07-06,1791.84
2021-07-07,1796.6
2021-07-08,1804.71
2021-07-09,1799.23
2021-07-12,1810.56
2021-07-13,1805.77
2021-07-14,1809.25
2021-07-15,1825.3
2021-07-19,1829.26
2021-07-20,1807.47
2021-07-21,1809.69
2021-07-22,1802.2
2021-07-23,1807.76
2021-07-26,1802.63
2021-07-27,1797.07
2021-07-28,1801.1
2021-07-29,1798.53
2021-07-30,1830.03
2021-08-02,1810.88
2021-08-03,1814.88
2021-08-04,1810.5
2021-08-05,1811.26
2021-08-06,1804.14
2021-08-09,1764.21
2021-08-10,1731.52
2021-08-11,1730.78
2021-08-12,1753.18
2021-08-13,1753.16
2021-08-16,1777.83
2021-08-17,1787.19
2021-08-18,1783.62
2021-08-19,1788.62
2021-08-20,1779.05
2021-08-23,1782.73
2021-08-24,1804.63
2021-08-25,1805.49
2021-08-26,1792.91
2021-08-27,1791.13
2021-08-30,1818.38
2021-08-31,1808.0
2021-09-01,1814.94
2021-09-02,1813.13
2021-09-03,1808.74
2021-09-06,1830.19
2021-09-07,1823.37
2021-09-08,1796.71
2021-09-09,1791.32
2021-09-10,1797.6
2021-09-13,1790.99
2021-09-14,1792.6
2021-09-15,1804.71
2021-09-16,1793.96
2021-09-20,1757.01
2021-09-21,1763.91
2021-09-22,1777.96
2021-09-23,1777.9
2021-09-24,1750.16
2021-09-27,1751.25
2021-09-28,1752.23
2021-09-29,1737.71
2021-09-30,1723.16
2021-10-01,1755.34
2021-10-04,1759.53
2021-10-05,1766.93
2021-10-06,1760.38
2021-10-07,1761.01
2021-10-08,1758.11
2021-10-12,1757.57
2021-10-13,1759.4
2021-10-14,1793.62
2021-10-15,1796.49
2021-10-18,1768.32
2021-10-19,1764.98
2021-10-20,1770.81
2021-10-21,1783.8
2021-10-22,1781.51
2021-10-25,1795.0
2021-10-26,1806.11
2021-10-27,1791.98
2021-10-28,1796.75
2021-10-29,1801.73
2021-11-02,1783.09
2021-11-03,1787.65
2021-11-04,1763.99
2021-11-05,1792.24
2021-11-08,1814.34
2021-11-09,1823.83
2021-11-10,1828.23
2021-11-11,1852.68
2021-11-12,1862.56
2021-11-15,1862.59
2021-11-16,1864.56
2021-11-17,1855.34
2021-11-18,1865.83
2021-11-19,1862.34
2021-11-22,1856.41
2021-11-23,1809.18
2021-11-24,1784.62
2021-11-25,1786.01
2021-11-26,1788.27
2021-11-29,1785.86
2021-11-30,1783.05
2021-12-01,1771.86
2021-12-02,1783.83
2021-12-03,1762.7
2021-12-06,1781.08
2021-12-07,1782.74
2021-12-09,1784.27
2021-12-10,1777.23
2021-12-13,1784.67
2021-12-14,1787.91
2021-12-15,1772.86
2021-12-16,1767.01
2021-12-17,1797.4
2021-12-20,1804.12
2021-12-21,1794.36
2021-12-22,1786.95
2021-12-23,1798.33
2021-12-24,1807.69
2021-12-27,1810.26
2021-12-28,1809.9
2021-12-29,1811.62
2021-12-30,1804.58
2022-01-03,1813.78
2022-01-04,1799.16
2022-01-05,1814.43
2022-01-06,1824.85
2022-01-07,1793.51
2022-01-10,1793.57
2022-01-11,1795.84
2022-01-12,1814.84
2022-01-13,1825.19
2022-01-14,1821.43
2022-01-17,1817.86
2022-01-18,1819.45
2022-01-19,1813.77
2022-01-20,1842.56
2022-01-21,1842.88
2022-01-24,1833.52
2022-01-25,1836.04
2022-01-26,1849.41
2022-01-27,1831.24
2022-01-28,1793.71
2022-01-31,1782.93
2022-02-01,1796.16
2022-02-02,1802.73
2022-02-03,1809.68
2022-02-04,1806.24
2022-02-07,1807.49
2022-02-08,1819.84
2022-02-09,1827.52
2022-02-10,1834.89
2022-02-11,1838.46
2022-02-14,1840.35
2022-02-15,1861.52
2022-02-16,1851.1
2022-02-17,1868.16
2022-02-18,1898.25
2022-02-21,1897.41
2022-02-22,1895.98
2022-02-23,1903.17
2022-02-24,1909.86
2022-02-25,1925.24
2022-02-28,1883.85
2022-03-01,1895.8
2022-03-02,1933.66
2022-03-03,1920.63
2022-03-04,1930.7
2022-03-07,1962.61
2022-03-08,1983.04
2022-03-09,2032.97
2022-03-10,1991.07
2022-03-11,2000.33
2022-03-14,1989.2
2022-03-15,1958.65
2022-03-16,1929.3
2022-03-17,1908.87
2022-03-18,1943.35
2022-03-21,1928.26
2022-03-22,1928.0
2022-03-23,1922.47
2022-03-24,1936.01
2022-03-25,1963.44
2022-03-28,1952.28
2022-03-29,1938.53
2022-03-30,1914.87
2022-03-31,1933.67
2022-04-01,1948.29
2022-04-04,1918.69
2022-04-05,1933.03
2022-04-06,1921.59
2022-04-07,1920.77
2022-04-08,1934.31
2022-04-11,1943.34
2022-04-12,1948.0
2022-04-13,1968.74
2022-04-14,1978.57
2022-04-18,1972.98
2022-04-19,1977.62
2022-04-20,1953.43
2022-04-21,1952.73
2022-04-22,1946.17
2022-04-25,1934.66
2022-04-26,1900.76
2022-04-27,1901.19
2022-04-28,1887.17
2022-04-29,1891.04
2022-05-02,1910.87
2022-05-03,1864.42
2022-05-04,1867.61
2022-05-05,1871.32
2022-05-06,1874.79
2022-05-09,1883.31
2022-05-10,1856.41
2022-05-11,1844.27
2022-05-12,1851.92
2022-05-13,1822.52
2022-05-16,1810.26
2022-05-17,1815.07
2022-05-18,1815.05
2022-05-19,1818.32
2022-05-20,1841.69
2022-05-23,1841.64
2022-05-24,1855.97
2022-05-25,1866.13
2022-05-26,1851.61
2022-05-27,1850.3
2022-05-30,1853.83
2022-05-31,1855.35
2022-06-01,1841.53
2022-06-02,1847.79
2022-06-03,1868.45
2022-06-06,1849.56
2022-06-07,1842.31
2022-06-08,1852.73
2022-06-09,1854.03
2022-06-10,1848.21
2022-06-13,1873.97
2022-06-14,1826.2
2022-06-15,1809.82
2022-06-16,1821.1
2022-06-17,1848.48
2022-06-20,1838.74
2022-06-22,1838.77
2022-06-23,1839.24
2022-06-24,1823.48
2022-06-28,1830.51
2022-06-29,1818.86
2022-06-30,1818.51
2022-07-01,1807.17
2022-07-04,1807.97
2022-07-05,1807.99
2022-07-06,1768.73
2022-07-07,1737.65
2022-07-08,1740.74
2022-07-11,1743.33
2022-07-12,1734.17
2022-07-13,1726.19
2022-07-14,1737.23
2022-07-15,1710.72
2022-07-18,1704.43
2022-07-19,1709.92
2022-07-20,1711.14
2022-07-21,1701.62
2022-07-22,1714.9
2022-07-25,1721.7
2022-07-26,1718.62
2022-07-27,1717.26
2022-07-28,1720.68
2022-07-29,1751.29
2022-08-01,1766.21
2022-08-02,1768.62
2022-08-03,1768.11
2022-08-04,1763.18
2022-08-05,1793.83
2022-08-08,1774.04
2022-08-09,1788.2
2022-08-10,1794.11
2022-08-11,1789.47
2022-08-12,1787.09
2022-08-16,1801.0
2022-08-17,1776.74
2022-08-18,1768.13
2022-08-19,1758.39
2022-08-22,1749.14
2022-08-23,1736.59
2022-08-24,1747.05
2022-08-25,1749.55
2022-08-26,1757.19
2022-08-29,1738.02
2022-08-30,1737.71
2022-08-31,1724.53
2022-09-01,1712.03
2022-09-02,1697.24
2022-09-05,1714.28
2022-09-06,1710.0
2022-09-07,1701.39
2022-09-08,1715.57
2022-09-09,1709.49
2022-09-12,1715.19
2022-09-13,1729.93
2022-09-14,1706.74
2022-09-15,1699.35
2022-09-20,1668.71
2022-09-21,1661.8
2022-09-22,1668.38
2022-09-23,1673.41
2022-09-26,1646.89
2022-09-27,1626.05
2022-09-28,1628.28
2022-09-29,1661.89
2022-09-30,1660.75
2022-10-03,1663.37
2022-10-04,1694.81
2022-10-05,1721.62
2022-10-06,1711.24
2022-10-07,1711.67
2022-10-11,1701.39
2022-10-12,1678.6
2022-10-13,1671.18
2022-10-14,1670.41
2022-10-17,1644.15
2022-10-18,1657.71
2022-10-19,1651.1
2022-10-20,1629.85
2022-10-21,1631.83
2022-10-24,1652.72
2022-10-25,1649.6
2022-10-26,1654.69
2022-10-27,1664.51
2022-10-28,1661.54
2022-11-02,1641.22
2022-11-03,1647.92
2022-11-04,1629.5
2022-11-07,1673.15
2022-11-08,1677.4
2022-11-09,1712.8
2022-11-10,1713.39
2022-11-11,1747.45
2022-11-14,1764.65
2022-11-15,1771.51
2022-11-16,1772.33
2022-11-17,1776.26
2022-11-18,1758.55
2022-11-21,1752.06
2022-11-22,1736.52
2022-11-23,1739.68
2022-11-24,1743.46
2022-11-25,1755.36
2022-11-28,1753.96
2022-11-29,1744.49
2022-11-30,1750.09
2022-12-01,1753.55
2022-12-02,1802.33
2022-12-05,1796.57
2022-12-06,1770.73
2022-12-07,1770.8
2022-12-09,1782.67
2022-12-12,1800.8
2022-12-13,1782.29
2022-12-14,1807.61
2022-12-15,1808.85
2022-12-16,1779.68
2022-12-19,1790.02
2022-12-20,1788.64
2022-12-21,1819.18
2022-12-22,1818.12
2022-12-23,1794.92
2022-12-26,1800.34
2022-12-27,1798.2
2022-12-28,1818.05
2022-12-29,1804.93
2022-12-30,1817.89
2023-01-03,1820.32
2023-01-04,1837.21
2023-01-05,1855.76
2023-01-06,1833.45
2023-01-09,1862.33
2023-01-10,1870.13
2023-01-11,1874.03
2023-01-12,1875.45
2023-01-13,1896.44
2023-01-16,1916.1
2023-01-17,1913.01
2023-01-18,1907.52
2023-01-19,1903.11
2023-01-20,1920.97
2023-01-23,1925.92
2023-01-24,1921.22
2023-01-25,1933.35
2023-01-26,1939.09
2023-01-27,1927.12
2023-01-30,1926.65
2023-01-31,1922.57
2023-02-01,1929.7
2023-02-02,1925.83
2023-02-03,1916.99
2023-02-06,1864.31
2023-02-07,1864.8
2023-02-08,1873.73
2023-02-09,1876.56
2023-02-10,1872.05
2023-02-13,1861.99
2023-02-14,1852.53
2023-02-15,1847.52
2023-02-16,1833.1
2023-02-17,1841.26
2023-02-20,1841.73
2023-02-21,1841.71
2023-02-22,1834.36
2023-02-23,1832.82
2023-02-24,1821.09
2023-02-27,1811.62
2023-02-28,1817.92
2023-03-01,1830.55
2023-03-02,1837.17
2023-03-03,1834.36
2023-03-06,1846.67
2023-03-07,1849.89
2023-03-08,1820.41
2023-03-09,1816.2
2023-03-10,1828.89
2023-03-13,1862.69
2023-03-14,1911.02
2023-03-15,1906.7
2023-03-16,1925.22
2023-03-17,1918.58
2023-03-20,1968.35
2023-03-21,1976.8
2023-03-22,1938.72
2023-03-23,1948.46
2023-03-24,1996.15
2023-03-27,1979.94
2023-03-28,1951.89
2023-03-29,1971.2
2023-03-30,1966.78
2023-03-31,1981.22
2023-04-03,1968.8
2023-04-04,1984.94
2023-04-05,2020.57
2023-04-06,2022.52
2023-04-10,2009.2
2023-04-11,1988.34
2023-04-12,2005.43
2023-04-13,2014.1533
2023-04-14,2042.64
2023-04-17,2004.7814
2023-04-18,1995.3414
2023-04-19,2004.5214
2023-04-20,1995.4829
2023-04-21,2005.5343
2023-04-24,1980.0471
2023-04-25,1989.5843
2023-04-26,1998.3529
2023-04-27,1987.7257
2023-04-28,1988.6086
2023-05-02,1990.1457
2023-05-03,2013.68
2023-05-04,2022.9471
2023-05-05,2047.8714
2023-05-08,2015.2171
2023-05-09,2021.82
2023-05-10,2036.0014
2023-05-11,2031.9314
2023-05-12,2014.36
2023-05-15,2014.8586
2023-05-16,2016.5543
2023-05-17,1989.5057
2023-05-18,1982.7529
2023-05-19,1957.2457
2023-05-22,1980.61
2023-05-23,1974.0757
2023-05-24,1975.7043
2023-05-25,1962.9657
2023-05-26,1943.0657
2023-05-29,1945.5871
2023-05-30,1943.1671
2023-05-31,1958.9071
2023-06-01,1965.9586
2023-06-02,1977.5
2023-06-05,1951.1286
2023-06-06,1961.2486
2023-06-07,1964.12
2023-06-08,1943.37
2023-06-09,1964.0886
2023-06-12,1962.0
2023-06-13,1956.61
2023-06-14,1942.3143
2023-06-15,1947.3629
2023-06-16,1957.9314
2023-06-19,1958.6843
2023-06-20,1950.11
2023-06-22,1937.4343
2023-06-23,1915.2257
2023-06-27,1920.0386
2023-06-28,1913.1243
2023-06-29,1912.5871
2023-06-30,1907.5371
2023-07-03,1919.2614
2023-07-04,1921.2729
2023-07-05,1925.4686
2023-07-06,1917.4829
2023-07-07,1910.5529
2023-07-10,1926.4271
2023-07-11,1925.5629
2023-07-12,1931.6729
2023-07-13,1957.5871
2023-07-14,1959.9183
2023-07-17,1960.1457
2023-07-18,1955.5686
2023-07-19,1976.5871
2023-07-20,1977.4514
2023-07-21,1970.3143
2023-07-24,1963.4057
2023-07-25,1956.3443
2023-07-26,1963.3857
2023-07-27,1972.5829
2023-07-28,1946.41
2023-07-31,1959.9333
2023-08-01,1968.68
2023-08-02,1944.2383
2023-08-03,1936.2557
2023-08-04,1934.0643
2023-08-07,1941.0329
2023-08-08,1936.4386
2023-08-09,1925.3971
2023-08-10,1916.0114
2023-08-11,1914.0943
2023-08-14,1913.2586
2023-08-16,1909.17
2023-08-17,1896.9229
2023-08-18,1886.0914
2023-08-21,1888.3486
2023-08-22,1894.7371
2023-08-23,1897.1314
2023-08-24,1917.2071
2023-08-25,1917.4729
2023-08-28,1913.27
2023-08-29,1919.9314
2023-08-30,1936.45
2023-08-31,1943.7957
2023-09-01,1941.3871
2023-09-04,1940.8929
2023-09-05,1938.5
2023-09-06,1926.8086
2023-09-07,1918.8214
2023-09-08,1918.4214
2023-09-11,1919.8129
2023-09-12,1923.5543
2023-09-13,1912.4614
2023-09-14,1910.0886
2023-09-15,1909.8371
2023-09-20,1924.88
2023-09-21,1946.4586
2023-09-22,1919.8986
2023-09-25,1925.6357
2023-09-26,1916.7771
2023-09-27,1901.4943
2023-09-28,1874.6971
2023-09-29,1862.58
2023-10-02,1851.1343
2023-10-03,1832.1943
2023-10-04,1824.6157
2023-10-05,1819.8643
2023-10-06,1818.0214
2023-10-10,1830.8514
2023-10-11,1860.72
2023-10-12,1872.7671
2023-10-13,1869.7571
2023-10-16,1928.05
2023-10-17,1920.6486
2023-10-18,1922.8329
2023-10-19,1953.4829
2023-10-20,1967.4429
2023-10-23,1982.0033
2023-10-24,1976.1286
2023-10-25,1975.2586
2023-10-26,1982.3
2023-10-30,1986.6043
2023-10-31,1997.9714
2023-11-02,1986.9357
2023-11-03,1984.3929
2023-11-06,1991.77
2023-11-07,1983.8243
2023-11-08,1963.3786
2023-11-09,1954.2071
2023-11-10,1961.6786
2023-11-13,1938.5229
2023-11-14,1946.56
2023-11-15,1963.0629
2023-11-16,1961.94
2023-11-17,1982.6929
2023-11-20,1980.3329
2023-11-21,1974.3286
2023-11-22,2000.6
2023-11-23,1990.7829
2023-11-24,1991.9143
2023-11-27,2000.8529
2023-11-28,2010.0486
2023-11-29,2041.2014
2023-11-30,2044.1014
2023-12-01,2039.8014
2023-12-04,2062.1757
2023-12-05,2026.6257
2023-12-06,2017.8571
2023-12-07,2028.51
2023-12-11,2025.1286
2023-12-12,1979.2014
2023-12-13,1978.7143
2023-12-14,1982.3457
2023-12-15,2037.5557
2023-12-18,2033.5786
2023-12-19,2024.9057
2023-12-20,2042.1257
2023-12-21,2034.0243
2023-12-22,2042.0557
2023-12-26,2054.3414
2023-12-27,2058.7214
2023-12-28,2081.3029
2023-12-29,2074.7886
2024-01-02,2066.2083
2024-01-03,2064.5314
2024-01-04,2032.5029
2024-01-05,2043.28
2024-01-08,2042.6086
2024-01-09,2029.6214
2024-01-10,2029.1343
2024-01-11,2026.0586
2024-01-12,2015.7543
2024-01-15,2044.6143
2024-01-16,2055.08
2024-01-17,2027.9729
2024-01-18,2005.9333
2024-01-19,2015.0929
2024-01-22,2026.8533
2024-01-23,2022.8733
2024-01-24,2023.9733
2024-01-25,2017.6914
2024-01-26,2014.6857
2024-01-29,2017.2367
2024-01-30,2028.7575
2024-01-31,2034.332
2024-02-01,2049.6271
2024-02-02,2058.1886
2024-02-05,2035.72
2024-02-06,2023.9571
2024-02-07,2036.15
2024-02-08,2035.9657
2024-02-09,2031.7586
2024-02-12,2023.1471
2024-02-13,2017.3229
2024-02-14,1994.1271
2024-02-15,1992.9814
2024-02-16,2002.18
2024-02-19,2011.32
2024-02-20,2016.82
2024-02-21,2027.2486
2024-02-22,2023.4443
2024-02-23,2022.7243
2024-02-26,2037.6533
2024-02-27,2027.7671
2024-02-28,2031.265
2024-02-29,2033.6857
2024-03-01,2044.82
2024-03-04,2083.6271
2024-03-05,2117.2971
2024-03-06,2129.1657
2024-03-07,2144.9043
2024-03-08,2157.5143
2024-03-11,2188.9817
2024-03-12,2180.9214
2024-03-13,2160.4543
2024-03-14,2175.6957
2024-03-15,2161.2143
2024-03-18,2158.2386
2024-03-19,2160.1029
2024-03-20,2155.9414
2024-03-21,2158.4229
2024-03-22,2181.5
2024-03-25,2161.0214
2024-03-26,2175.5571
2024-03-27,2177.5657
2024-03-28,2191.2643
2024-04-01,2220.4529
2024-04-02,2238.0
2024-04-03,2262.3229
2024-04-04,2293.6433
2024-04-05,2290.8343
2024-04-08,2326.9529
2024-04-09,2339.3329
2024-04-10,2348.5771
2024-04-11,2334.9
2024-04-12,2361.14
2024-04-15,2347.8033
2024-04-16,2368.9214
2024-04-17,2391.065
2024-04-18,2375.6743
2024-04-19,2381.8243
2024-04-22,2394.9143
2024-04-23,2328.2571
2024-04-24,2326.6586
2024-04-25,2321.7029
2024-04-26,2332.8014
2024-04-29,2339.5657
2024-04-30,2340.3157
2024-05-02,2294.8071
2024-05-03,2307.5557
2024-05-06,2299.6357
2024-05-07,2325.4657
2024-05-08,2314.1829
2024-05-09,2312.9214
2024-05-10,2335.71
2024-05-13,2368.4643
2024-05-14,2336.7233
2024-05-15,2358.0
2024-05-16,2385.9367
2024-05-17,2379.495
2024-05-20,2416.01
2024-05-22,2434.9717
2024-05-23,2380.9767
2024-05-24,2334.4767
2024-05-27,2335.4117
2024-05-28,2350.97
2024-05-29,2355.4933
2024-05-30,2340.7383
2024-05-31,2342.4117
2024-06-03,2325.0467
2024-06-04,2348.08
2024-06-05,2327.5967
2024-06-06,2355.255
2024-06-07,2371.4567
2024-06-10,2302.7517
2024-06-11,2310.89
2024-06-12,2314.2033
2024-06-13,2327.255
2024-06-14,2302.125
2024-06-17,2333.7717
2024-06-18,2317.8
2024-06-19,2329.935
2024-06-21,2328.4317
2024-06-24,2320.77
2024-06-25,2333.5167
2024-06-26,2318.8983
2024-06-27,2300.155
2024-06-28,2324.38
2024-07-01,2326.4783
2024-07-02,2328.8333
2024-07-03,2326.9183
2024-07-04,2356.315
2024-07-05,2356.685
2024-07-08,2389.6817
2024-07-09,2356.44
2024-07-10,2364.1567
2024-07-11,2371.575
2024-07-12,2415.3717
2024-07-15,2415.0217
2024-07-17,2422.8067
2024-07-18,2456.9133
2024-07-19,2452.0367
2024-07-22,2398.4683
2024-07-23,2394.8483
2024-07-24,2404.8167
2024-07-25,2408.01
2024-07-26,2357.65
2024-07-29,2384.3117
2024-07-30,2379.23
2024-07-31,2405.2233
2024-08-01,2428.005
2024-08-02,2437.8133
2024-08-05,2429.6367
2024-08-06,2405.94
2024-08-07,2393.4383
2024-08-08,2387.6517
2024-08-09,2424.2467
2024-08-12,2428.415
2024-08-13,2469.895
2024-08-14,2467.505
2024-08-16,2444.164
2024-08-19,2501.705
2024-08-20,2503.9683
2024-08-21,2513.775
2024-08-22,2516.4083
2024-08-23,2482.915
2024-08-26,2510.3083
2024-08-27,2517.2233
2024-08-28,2523.3217
2024-08-29,2505.246
2024-08-30,2523.8383
2024-09-02,2502.34
2024-09-03,2499.5217
2024-09-04,2488.7967
2024-09-05,2493.5367
2024-09-06,2515.832
2024-09-09,2493.8933
2024-09-10,2502.6033
2024-09-11,2514.0717
2024-09-12,2514.3283
2024-09-13,2553.0367
2024-09-16,2583.0867
2024-09-17,2582.13
2024-09-23,2566.0917
2024-09-24,2628.2033
2024-09-25,2652.1383
2024-09-26,2659.4817
2024-09-27,2670.83
2024-09-30,2646.235
2024-10-01,2639.1833
2024-10-02,2665.495
2024-10-03,2649.92
2024-10-04,2658.294
2024-10-07,2648.2333
2024-10-08,2647.0267
2024-10-09,2615.03
2024-10-10,2608.1217
2024-10-11,2622.945
2024-10-14,2658.5483
2024-10-15,2648.635
2024-10-16,2662.4033
2024-10-17,2674.712
2024-10-18,2692.235
2024-10-21,2716.4217
2024-10-22,2723.67
2024-10-23,2746.3517
2024-10-24,2716.3917
2024-10-25,2735.3167
2024-10-28,2741.92
2024-10-29,2743.095
2024-10-30,2769.3867
2024-11-04,2788.0733
2024-11-05,2736.014
2024-11-06,2742.1417
2024-11-07,2667.6933
2024-11-08,2698.7183
2024-11-11,2686.826
2024-11-12,2613.33
2024-11-13,2595.5983
2024-11-14,2582.38
2024-11-15,2571.06
2024-11-18,2562.87
2024-11-19,2608.99
2024-11-20,2629.645
2024-11-21,2651.3633
2024-11-22,2667.2833
2024-11-25,2705.5733
2024-11-26,2627.1883
2024-11-27,2625.9633
2024-11-28,2639.255
2024-11-29,2640.9733
2024-12-02,2659.6483
2024-12-03,2639.6633
2024-12-04,2646.0833
2024-12-05,2651.1133
2024-12-06,2628.4217
2024-12-09,2636.6317
2024-12-10,2665.9283
2024-12-11,2692.8017
2024-12-12,2717.29
2024-12-13,2684.7383
2024-12-16,2658.2317
2024-12-17,2653.55
2024-12-18,2642.9517
2024-12-19,2637.6633
2024-12-20,2592.585
2024-12-23,2625.7783
2024-12-24,2613.165
2024-12-26,2617.245
2024-12-27,2629.585
2024-12-30,2615.715
2025-01-02,2603.195
2025-01-03,2656.15
2025-01-06,2641.6583
2025-01-07,2637.2033
2025-01-08,2652.7483
2025-01-09,2659.3017
2025-01-10,2665.5133
2025-01-13,2695.0617
2025-01-14,2660.93
2025-01-15,2669.615
2025-01-16,2691.6033
2025-01-17,2722.635
2025-01-20,2711.845
2025-01-21,2707.5583
2025-01-22,2742.5767
2025-01-23,2756.9833
2025-01-24,2756.4683
2025-01-27,2774.3
2025-01-28,2734.0233
2025-01-29,2758.7317
2025-01-30,2752.6867
2025-01-31,2793.1883
2025-02-03,2809.7533
2025-02-04,2818.3383
2025-02-05,2842.715
2025-02-06,2873.2283
2025-02-07,2850.0917
2025-02-10,2858.0483
2025-02-11,2900.815
2025-02-12,2904.675
2025-02-13,2904.5633
2025-02-14,2916.7933
2025-02-17,2890.7233
2025-02-18,2898.9133
2025-02-19,2931.4517
2025-02-20,2926.1133
2025-02-21,2942.4833
2025-02-24,2939.2083
2025-02-25,2943.4967
2025-02-26,2901.705
2025-02-27,2914.1183
2025-02-28,2880.4683
2025-03-03,2846.808
2025-03-04,2890.8183
2025-03-05,2913.6083
2025-03-06,2918.5417
2025-03-07,2918.2833
2025-03-10,2908.195
2025-03-11,2888.9033
2025-03-12,2918.1567
2025-03-13,2938.17
2025-03-14,2980.215
2025-03-17,2988.7683
2025-03-18,2998.21
2025-03-19,3033.1933
2025-03-20,3032.4883
2025-03-21,3038.665
2025-03-24,3015.765
2025-03-25,3008.195
2025-03-26,3022.05
2025-03-27,3017.675
2025-03-28,3050.9467
2025-03-31,3080.9217
2025-04-01,3118.2217
2025-04-02,3112.3367
2025-04-03,3125.2467
2025-04-04,3105.7217
2025-04-07,3023.775
2025-04-08,2971.095
2025-04-09,2986.17
2025-04-10,3064.2433
2025-04-11,3168.4633
2025-04-14,3235.1017
2025-04-15,3208.55
2025-04-16,3228.485
2025-04-17,3336.1667
2025-04-21,3317.85
2025-04-22,3423.715
2025-04-23,3387.0833
2025-04-24,3282.6933
2025-04-25,3336.3367
2025-04-28,3292.2467
2025-04-29,3345.0367
2025-04-30,3318.34
2025-05-02,3302.9583
2025-05-05,3228.4967
2025-05-06,3319.845
2025-05-07,3415.3283
2025-05-08,3388.0267
2025-05-09,3308.3317
2025-05-12,3338.5583
2025-05-13,3224.875
2025-05-14,3248.8517
2025-05-15,3175.935
2025-05-16,3224.0417
2025-05-19,3188.5533
2025-05-20,3232.2767
2025-05-22,3287.3467
2025-05-23,3295.2383
2025-05-26,3364.225
2025-05-27,3342.6233
2025-05-28,3302.1167
2025-05-29,3301.19
2025-05-30,3320.3267
2025-06-02,3294.02
2025-06-03,3375.2083
2025-06-04,3352.4967
2025-06-05,3378.7533
2025-06-06,3353.5033
2025-06-09,3317.6167
2025-06-10,3335.135
2025-06-11,3323.01
2025-06-12,3342.3917
2025-06-13,3384.335
2025-06-16,3434.66
2025-06-17,3389.105
2025-06-18,3388.6067
2025-06-19,3386.5167
2025-06-23,3370.7267
2025-06-24,3381.4783
2025-06-25,3317.6783
2025-06-26,3329.745
2025-06-27,3333.775
2025-06-30,3273.63
2025-07-01,3298.5117
2025-07-02,3337.785
2025-07-03,3352.3617
2025-07-04,3329.12
2025-07-07,3337.4583
2025-07-08,3331.728
2025-07-09,3304.6583
2025-07-10,3311.53
2025-07-11,3318.9683
2025-07-14,3356.5167
2025-07-15,3349.6
2025-07-17,3328.6433
2025-07-18,3337.595
2025-07-21,3351.634
2025-07-22,3394.524
2025-07-23,3429.9967
2025-07-24,3393.994
2025-07-25,3370.8417
2025-07-28,3338.6317
2025-07-29,3313.435
2025-07-30,3328.7983
2025-07-31,3292.1717
2025-08-01,3295.1917
2025-08-04,3348.86
2025-08-05,3375.696
2025-08-06,3379.8383
2025-08-07,3371.2483
2025-08-08,3390.554
2025-08-11,3395.305
2025-08-12,3355.27
2025-08-13,3349.0333
2025-08-14,3352.762
2025-08-18,3337.812
2025-08-19,3332.39
2025-08-20,3318.745
2025-08-21,3345.1183
2025-08-22,3338.855
2025-08-25,3372.95
2025-08-26,3371.5367
2025-08-27,3383.8133
2025-08-28,3394.6433
2025-08-29,3418.6283
2025-09-01,3443.6617
2025-09-02,3476.5367
2025-09-03,3529.29
2025-09-04,3572.8283
2025-09-05,3545.9633
2025-09-08,3594.7967
2025-09-09,3635.3067
2025-09-10,3643.795
2025-09-11,3644.85
2025-09-12,3634.9367
2025-09-15,3649.3633
2025-09-16,3681.11
2025-09-17,3687.9817
2025-09-22,3678.7717
2025-09-23,3743.4033
2025-09-24,3780.37
2025-09-25,3734.64
2025-09-26,3740.3167
2025-09-29,3780.8267
2025-09-30,3828.2017
2025-10-01,3845.9767
2025-10-02,3866.3383
2025-10-03,3845.2167
2025-10-06,3883.625
2025-10-07,3956.115
2025-10-08,3982.245
2025-10-09,4051.6417
2025-10-10,3959.9483
2025-10-13,3984.03
2025-10-14,4106.4917
2025-10-15,4148.4867
2025-10-16,4193.1733
2025-10-17,4291.935
2025-10-20,4209.594
2025-10-21,4345.332
2025-10-22,4109.9983
2025-10-23,4058.2533
2025-10-24,4133.355
2025-10-27,4118.375
2025-10-28,4008.53
2025-10-29,3963.545
2025-10-30,3992.0883
2025-11-03,4003.745
2025-11-04,4007.4017
2025-11-05,3960.6233
2025-11-06,3981.8217
2025-11-07,3979.66
2025-11-10,3999.2867
2025-11-11,4097.7567
2025-11-12,4114.775
2025-11-13,4199.515
2025-11-14,4202.9075
2025-11-17,4099.9717
2025-11-18,4075.0367
2025-11-19,4068.0867
2025-11-20,4072.9567
2025-11-21,4057.515
2025-11-24,4083.6217
2025-11-25,4094.0867
2025-11-26,4150.2167
2025-11-27,4167.9533
2025-11-28,4157.14
2025-12-01,4211.1583
2025-12-02,4233.4583
2025-12-03,4192.5883
2025-12-04,4210.8567
2025-12-05,4213.805
2025-12-09,4214.88
2025-12-10,4208.0267
2025-12-11,4200.4867
2025-12-12,4277.225
2025-12-15,4287.325
2025-12-16,4300.6133
2025-12-17,4303.26
2025-12-18,4339.045
2025-12-19,4331.0867
2025-12-22,4352.1233
2025-12-23,4437.6917
2025-12-24,4476.15
2025-12-26,4481.7467
2025-12-29,4522.1933
2025-12-30,4326.6517
